time,best_bid,best_ask,spread,rel_spread,mid_price,ob_imbalance,buy_volume,sell_volume,trade_count,large_trade_count,vwap,trade_imbalance
2026-09-12 02:57:00+00:00,77246.8,77246.9,0.09999999999126885,1.2945511692874058e-06,77246.85,-0.006314079762303306,0.103978,0.403874,54,8,77248.04108224444,-0.590518497515024
2026-09-12 02:58:00+00:00,77235.4,77235.5,0.10000000000582077,1.2947422460258957e-06,77235.45,-0.24511009732076225,0.000486,0.998777,89,26,77242.72772763527,-0.9990272831076503
2026-09-12 02:59:00+00:00,77289.1,77289.2,0.09999999999126885,1.2938426673248296e-06,77289.15,0.035760874882818774,5.657682,1.629875,442,140,77272.63639883709,0.5526964660447938
2026-09-12 03:00:00+00:00,77257.5,77257.6,0.10000000000582077,1.294371876998698e-06,77257.55,-0.4141103096883543,0.003376,1.416116,139,16,77271.33263787327,-0.9952433687544557
2026-09-12 03:01:00+00:00,77249.1,77249.2,0.09999999999126885,1.294512625592241e-06,77249.15,-0.35545100403206903,0.000343,0.60942,68,12,77255.19356799283,-0.9988749727353087
2026-09-12 03:02:00+00:00,77249.1,77249.2,0.09999999999126885,1.294512625592241e-06,77249.15,-0.17389447897095153,0.111707,0.024724,24,1,77249.18187801892,0.6375603785063513
2026-09-12 03:03:00+00:00,77289.5,77289.6,0.10000000000582077,1.2938359714323704e-06,77289.55,0.34477684013785614,1.8949770000000001,0.04911,259,47,77265.7449868756,0.9494775696766657
2026-09-12 03:04:00+00:00,77316.3,77316.4,0.09999999999126885,1.293387491665978e-06,77316.35,-0.08129916261507432,1.207182,0.032952999999999996,140,25,77302.70531006705,0.9468557858620231
2026-09-12 03:05:00+00:00,77322.2,77322.3,0.10000000000582077,1.2932888011642286e-06,77322.25,0.18640645866647418,0.256893,0.011961,37,4,77318.64420205762,0.9110223392622018
2026-09-12 08:26:00+00:00,77297.4,77297.5,0.10000000000582077,1.2937037380381989e-06,77297.45,0.0653542586420939,0.0037849999999999997,0.423614,79,10,77300.97109422342,-0.9822882131216967
2026-09-12 08:27:00+00:00,77298.7,77298.8,0.10000000000582077,1.2936819807024146e-06,77298.75,0.48237061289688965,0.307487,0.095633,77,8,77296.50978343918,0.5255358205993252
2026-09-12 08:28:00+00:00,77302.1,77302.2,0.09999999999126885,1.2936250801726583e-06,77302.15,0.31709049355378394,0.223823,0.06297799999999999,66,11,77299.63487993418,0.5608244043779486
2026-09-12 08:29:00+00:00,77302.1,77302.2,0.09999999999126885,1.2936250801726583e-06,77302.15,0.3342887562657717,0.11288300000000001,0.016050000000000002,35,3,77302.18755167414,0.751033482506418
2026-09-12 08:30:00+00:00,77312.5,77312.6,0.10000000000582077,1.293451063324399e-06,77312.55,0.16717868383155005,0.72183,0.025187,125,20,77305.97979015202,0.9325664610042342
2026-09-12 08:31:00+00:00,77311.2,77311.3,0.10000000000582077,1.2934728128936056e-06,77311.25,0.2225110614018664,0.002771,0.595725,75,13,77312.0364034179,-0.9907401219055767
2026-09-12 08:32:00+00:00,77311.2,77311.3,0.10000000000582077,1.2934728128936056e-06,77311.25,0.19669748272874457,0.018612,0.023559,35,0,77311.24413459486,-0.11730810272462118
2026-09-12 08:33:00+00:00,77307.4,77307.5,0.10000000000582077,1.2935363927515495e-06,77307.45,0.1702179974642908,0.139477,0.532399,78,14,77309.57733688955,-0.5848132691151344
2026-09-12 08:34:00+00:00,77307.4,77307.5,0.10000000000582077,1.2935363927515495e-06,77307.45,0.1860645474346956,0.099915,0.058843,38,5,77307.46293541112,0.2587082225777599
2026-09-12 08:35:00+00:00,77307.4,77307.5,0.10000000000582077,1.2935363927515495e-06,77307.45,0.2754549537214524,0.001103,0.01744,14,0,77307.40594833628,-0.8810332740117565
2026-09-12 08:36:00+00:00,77314.2,77314.3,0.10000000000582077,1.293422622683668e-06,77314.25,0.07847506390985615,0.777823,0.069855,109,19,77310.24839585314,0.8351850584773935
2026-09-12 08:37:00+00:00,77342.1,77342.2,0.09999999999126885,1.2929560400282235e-06,77342.15,-0.2708196137049114,1.158673,0.404556,166,41,77331.785028745,0.4824098068805018
2026-09-12 08:38:00+00:00,77345.5,77345.6,0.10000000000582077,1.2928992037139921e-06,77345.55,-0.13127170589835005,1.107143,0.537396,130,31,77341.37120925683,0.34644784951892293
2026-09-12 08:39:00+00:00,77345.5,77345.6,0.10000000000582077,1.2928992037139921e-06,77345.55,-0.24735491584638236,0.001356,0.026012,15,1,77345.50495469161,-0.9009061677871968
2026-09-12 08:40:00+00:00,77342.3,77342.4,0.09999999999126885,1.292952696566226e-06,77342.35,-0.23732454547516255,0.003982,0.983829,67,8,77345.36845712388,-0.9919377289785191
2026-09-12 08:41:00+00:00,77342.3,77342.4,0.09999999999126885,1.292952696566226e-06,77342.35,-0.19894789419142628,0.000873,0.07657,20,3,77342.30112728072,-0.977454385806335
2026-09-12 08:42:00+00:00,77343.1,77343.2,0.09999999999126885,1.2929393228911526e-06,77343.15,-0.07349763528182476,0.551775,0.080303,73,14,77342.55961099737,0.7459079417413673
2026-09-12 08:43:00+00:00,77344.1,77345.7,1.5999999999912689,2.0686561104756345e-05,77344.9,0.12187293743614094,0.513901,0.031683,47,11,77343.26076992726,0.8838565647086425
2026-09-12 08:44:00+00:00,77348.7,77348.8,0.10000000000582077,1.2928457150997367e-06,77348.75,0.11238875730690827,0.012927000000000001,0.032806,20,2,77348.728266241,-0.4346751798482496
2026-09-12 08:45:00+00:00,77354.1,77354.2,0.09999999999126885,1.29275546291012e-06,77354.15,-0.097114382780968,0.361221,0.319236,112,15,77349.38993926141,0.061701180236223584
2026-09-12 08:46:00+00:00,77354.1,77354.2,0.09999999999126885,1.29275546291012e-06,77354.15,-0.06521582012247575,0.006899,0.08290700000000001,19,2,77354.1076821148,-0.8463577043850077
2026-09-12 08:47:00+00:00,77354.1,77354.2,0.09999999999126885,1.29275546291012e-06,77354.15,-0.055716825788924014,0.06837499999999999,0.015908000000000002,27,3,77354.18112549388,0.6225098774367309
2026-09-12 08:48:00+00:00,77354.1,77354.2,0.09999999999126885,1.29275546291012e-06,77354.15,0.021987997323529594,0.012457000000000001,0.012687,13,2,77354.14954263443,-0.009147311485841525
2026-09-12 08:49:00+00:00,77363.0,77363.1,0.10000000000582077,1.292606741924223e-06,77363.05,-0.047995503020847756,1.085304,0.007615,111,20,77359.92906802791,0.9860648410357951
2026-09-12 08:50:00+00:00,77363.0,77363.1,0.10000000000582077,1.292606741924223e-06,77363.05,-0.009410663115021685,0.008271,0.032455,23,2,77363.0203088936,-0.593822128370083
2026-09-12 08:51:00+00:00,77363.0,77363.1,0.10000000000582077,1.292606741924223e-06,77363.05,0.018583039517765312,0.010548,0.07436899999999999,22,3,77363.01242154103,-0.7515691793162734
2026-09-12 08:52:00+00:00,77363.0,77363.1,0.10000000000582077,1.292606741924223e-06,77363.05,0.0823564310261877,0.381,0.135591,66,18,77363.0737527367,0.4750547338223082
2026-09-12 08:53:00+00:00,77372.1,77372.2,0.09999999999126885,1.2924547138895437e-06,77372.15,0.11630528357407849,0.912329,0.031409,141,14,77367.77527216241,0.9334370344311662
2026-09-12 08:54:00+00:00,77339.7,77339.8,0.10000000000582077,1.2929961631091486e-06,77339.75,-0.12206147311528212,0.03012,3.08837,246,60,77355.33846204414,-0.9806829587396463
2026-09-12 08:55:00+00:00,77339.7,77339.8,0.10000000000582077,1.2929961631091486e-06,77339.75,-0.040446000214416904,0.026558000000000002,0.103536,18,3,77339.72041446953,-0.5917106092517718
2026-09-12 08:56:00+00:00,77348.9,77349.0,0.10000000000582077,1.2928423722082946e-06,77348.95,-0.05676553185949483,1.059886,0.616059,119,41,77349.89850197948,0.26482193628072526
2026-09-12 08:57:00+00:00,77335.0,77335.1,0.10000000000582077,1.2930747443212457e-06,77335.05,0.057939356378318874,1.016503,0.824455,165,53,77345.37422092192,0.10431959881757209
2026-09-12 08:58:00+00:00,77357.4,77357.5,0.10000000000582077,1.292700315300217e-06,77357.45,0.3244706326449296,1.720565,0.011283,140,25,77345.50091335959,0.9869699881282885
2026-09-12 08:59:00+00:00,77357.4,77357.5,0.10000000000582077,1.292700315300217e-06,77357.45,0.06826435839325846,0.010157,0.004281,12,0,77357.47034907882,0.4069815763956226
2026-09-12 09:00:00+00:00,77357.4,77357.5,0.10000000000582077,1.292700315300217e-06,77357.45,0.11112240729306379,0.0010869999999999999,0.003151,9,0,77357.42564889097,-0.487022180273714
2026-09-12 09:01:00+00:00,77347.4,77347.5,0.10000000000582077,1.292867444315498e-06,77347.45,0.1565708851909543,1.376359,2.045944,238,56,77346.90640329041,-0.19565333636443055
2026-09-12 09:02:00+00:00,77353.2,77353.3,0.10000000000582077,1.2927705042234264e-06,77353.25,0.3805566543991971,0.911629,0.547433,188,23,77349.97040297122,0.249609680740092
2026-09-12 09:03:00+00:00,77365.1,77365.2,0.09999999999126885,1.2925716552125713e-06,77365.15,0.3138546184031961,0.570994,0.049515,105,10,77358.66368884254,0.8404052157180638
2026-09-12 09:04:00+00:00,77365.0,77365.1,0.10000000000582077,1.292573326144309e-06,77365.05,0.23026413473939195,0.000745,0.290817,43,6,77365.10025552027,-0.9948895946659716
2026-09-12 09:05:00+00:00,77380.1,77380.2,0.09999999999126885,1.292321092570496e-06,77380.15,0.011117197131330062,1.921842,0.046192,156,45,77370.81120747914,0.9530577215637535
2026-09-12 09:06:00+00:00,77360.3,77360.4,0.09999999999126885,1.2926518557797223e-06,77360.35,-0.04762198638158566,0.004809,1.711488,210,31,77376.37141904928,-0.9943960748052347
2026-09-12 09:07:00+00:00,77348.7,77348.8,0.10000000000582077,1.2928457150997367e-06,77348.75,-0.21287539654341486,0.004291,0.525857,135,7,77357.97067252919,-0.9838120675735831
2026-09-12 09:08:00+00:00,77344.7,77344.8,0.10000000000582077,1.292912576559117e-06,77344.75,0.04950686645570437,0.124131,0.289264,55,9,77347.19243701544,-0.39945572636340554
2026-09-12 09:09:00+00:00,77344.7,77344.8,0.10000000000582077,1.292912576559117e-06,77344.75,-0.15088216989059922,0.149796,0.027292,20,2,77344.78458845321,0.6917690639681966
2026-09-12 09:10:00+00:00,77344.7,77344.8,0.10000000000582077,1.292912576559117e-06,77344.75,-0.18721770847827343,0.027909999999999997,0.02409,25,1,77344.75367307692,0.07346153846153841
2026-09-12 09:11:00+00:00,77364.9,77365.0,0.10000000000582077,1.292574996892272e-06,77364.95,0.0345153779411636,4.048307,0.443204,245,66,77354.28023484747,0.8026481511455722
2026-09-12 09:12:00+00:00,77365.5,77365.6,0.10000000000582077,1.2925649724692807e-06,77365.55,-0.07128682627694921,3.483683,0.270576,179,68,77365.23542866914,0.8558565085680023
2026-09-12 09:13:00+00:00,77348.9,77349.0,0.10000000000582077,1.2928423722082946e-06,77348.95,-0.05119112065640666,0.321302,1.830077,186,37,77354.09561741562,-0.7013059995472671
2026-09-12 09:14:00+00:00,77366.2,77366.3,0.10000000000582077,1.2925532775056405e-06,77366.25,0.3149407552548347,2.257173,0.408451,264,46,77361.02446230226,0.6935419248926331
2026-09-12 09:15:00+00:00,77366.2,77366.3,0.10000000000582077,1.2925532775056405e-06,77366.25,0.18550099349277022,0.007272,0.105822,31,3,77366.20643004934,-0.8713990132102498
2026-09-12 09:16:00+00:00,77380.0,77380.1,0.10000000000582077,1.2923227628545183e-06,77380.05,0.37858082790360353,1.277209,0.040437,147,39,77368.50035677261,0.9386223613929688
2026-09-12 09:17:00+00:00,77350.7,77350.8,0.10000000000582077,1.2928122869632262e-06,77350.75,0.29488624318248624,0.74913,2.617607,242,73,77362.80902003928,-0.5549815741473123
2026-09-12 09:18:00+00:00,77362.6,77362.7,0.09999999999126885,1.2926134250994358e-06,77362.65,0.44750445000236844,0.439329,0.032419,106,10,77356.10025479706,0.862557975868472
2026-09-12 09:19:00+00:00,77358.6,77358.7,0.09999999999126885,1.29268026253391e-06,77358.65,0.19968328765842852,0.002408,1.131385,147,21,77360.31206789952,-0.9957523110479604
2026-09-12 09:20:00+00:00,77355.1,77355.2,0.09999999999126885,1.2927387509592943e-06,77355.15,0.40687930588848603,0.017961,0.329894,52,8,77358.33364304093,-0.8967328340831668
2026-09-12 09:21:00+00:00,77355.2,77355.3,0.10000000000582077,1.2927370799760944e-06,77355.25,0.2800777600928312,0.42246799999999995,0.022005,38,7,77355.2113475959,0.9009838617868802
2026-09-12 09:22:00+00:00,77355.2,77355.3,0.10000000000582077,1.2927370799760944e-06,77355.25,0.4508504654334253,0.051021,0.16611599999999999,25,5,77355.22349714696,-0.530057060749665
2026-09-12 09:23:00+00:00,77347.1,77347.2,0.09999999999126885,1.2928724586654951e-06,77347.15,-0.07152862937778989,0.00148,0.905454,103,18,77353.59204153775,-0.9967362564420343
2026-09-12 09:24:00+00:00,77377.6,77377.7,0.09999999999126885,1.2923628462646366e-06,77377.65,0.2184350187188875,2.942639,0.01733,221,58,77360.27353756069,0.9882904179064038
2026-09-12 09:25:00+00:00,77368.7,77368.8,0.10000000000582077,1.2925115115058826e-06,77368.75,0.3901508731712073,0.033188,1.481526,100,20,77376.09624826866,-0.9561791863018365
2026-09-12 09:26:00+00:00,77368.7,77368.8,0.10000000000582077,1.2925115115058826e-06,77368.75,0.20575548752697523,0.012376999999999999,0.013473,29,0,77368.74788007737,-0.04239845261121863
2026-09-12 09:27:00+00:00,77368.7,77368.8,0.10000000000582077,1.2925115115058826e-06,77368.75,0.37659294534778054,0.095302,0.018202,36,3,77368.78396356075,0.6792712151113618
2026-09-12 09:28:00+00:00,77353.1,77353.2,0.09999999999126885,1.2927721752930405e-06,77353.15,-0.08632093498102916,0.931436,2.772037,334,76,77366.7773864964,-0.4969932277081539
2026-09-12 09:29:00+00:00,77369.4,77369.5,0.10000000000582077,1.2924998175096343e-06,77369.45,0.3592188688815622,3.579576,0.2993,224,66,77360.51551733029,0.8456769435269392
2026-09-12 09:30:00+00:00,77374.3,77374.4,0.09999999999126885,1.2924179652723266e-06,77374.35,0.54090695834313,0.448857,0.13439,63,12,77372.11555927421,0.5391660822944653
2026-09-12 09:31:00+00:00,77374.3,77374.4,0.09999999999126885,1.2924179652723266e-06,77374.35,0.5701072308803238,0.151163,0.629663,118,26,77374.0384887286,-0.612812585646482
2026-09-12 09:32:00+00:00,77372.5,77372.6,0.10000000000582077,1.2924480323554123e-06,77372.55,0.47518570361522866,0.008984,0.25563,59,5,77374.28484093813,-0.9320973191138792
2026-09-12 09:33:00+00:00,77358.8,77358.9,0.09999999999126885,1.2926769204980277e-06,77358.85,0.13529946947065863,0.009604,1.050906,119,22,77365.25164722634,-0.9818879595666237
2026-09-12 09:34:00+00:00,77349.8,77349.9,0.09999999999126885,1.2928273292226016e-06,77349.85,0.16776240363492556,0.005339,0.717214,122,11,77353.82750469516,-0.9852218453179213
2026-09-12 09:35:00+00:00,77328.9,77329.0,0.10000000000582077,1.2931767469469167e-06,77328.95,-0.22809467637260092,0.024062,0.675623,147,14,77341.03678198047,-0.9312204777864324
2026-09-12 09:36:00+00:00,77328.9,77329.0,0.10000000000582077,1.2931767469469167e-06,77328.95,0.006672890015349773,0.007759,0.04026,25,1,77328.91615818738,-0.6768362523167912
2026-09-12 09:37:00+00:00,77328.9,77329.0,0.10000000000582077,1.2931767469469167e-06,77328.95,0.11006516052318667,0.001439,0.025505,15,1,77328.90534070664,-0.893185866983373
2026-09-12 09:38:00+00:00,77364.2,77364.3,0.10000000000582077,1.2925866922489493e-06,77364.25,0.15511631293636782,3.608674,0.5669420000000001,395,108,77354.37414347967,0.7284510836245479
2026-09-12 09:39:00+00:00,77366.7,77366.8,0.10000000000582077,1.2925449240897512e-06,77366.75,0.03333780026763858,0.709504,0.101915,84,12,77364.87171991289,0.7487980932169447
2026-09-12 09:40:00+00:00,77365.0,77365.1,0.10000000000582077,1.292573326144309e-06,77365.05,-0.08373479904045299,0.13335,0.249406,49,8,77366.02073906093,-0.3032114454116983
2026-09-12 09:41:00+00:00,77365.0,77365.1,0.10000000000582077,1.292573326144309e-06,77365.05,0.17333400763577272,0.111289,0.039801,16,5,77365.07365742273,0.4731484545635052
2026-09-12 09:42:00+00:00,77365.0,77365.1,0.10000000000582077,1.292573326144309e-06,77365.05,0.23746705396766596,0.011389,0.068951,35,1,77365.01417600199,-0.7164799601692806
2026-09-12 09:43:00+00:00,77352.7,77352.8,0.10000000000582077,1.292778860555323e-06,77352.75,0.3161121985525426,2.69916,4.014345,372,101,77366.30702990465,-0.19590139576867815
2026-09-12 09:44:00+00:00,77340.5,77340.6,0.10000000000582077,1.292982788534873e-06,77340.55,0.11966488591430924,0.013199,0.619254,59,9,77346.41757553526,-0.9582609300612063
2026-09-12 09:45:00+00:00,77344.9,77345.0,0.10000000000582077,1.292909233321901e-06,77344.95,0.19387855101413326,0.343334,0.021012,68,8,77341.7295554226,0.8846590877901775
2026-09-12 09:46:00+00:00,77345.2,77345.3,0.10000000000582077,1.2929042184984956e-06,77345.25,0.05296816966509068,0.624353,0.372597,133,21,77350.04714208335,0.25252620492502137
2026-09-12 09:47:00+00:00,77343.8,77343.9,0.09999999999126885,1.2929276211524103e-06,77343.85,-0.11077753935868857,0.04657,0.343435,60,6,77344.98408712709,-0.7611825489416802
2026-09-12 09:48:00+00:00,77336.1,77336.2,0.09999999999126885,1.2930563519294517e-06,77336.15,-0.1800235977886728,0.07664800000000001,0.684855,65,12,77342.63150269927,-0.7986928482225282
2026-09-12 09:49:00+00:00,77329.8,77329.9,0.09999999999126885,1.2931616961790155e-06,77329.85,-0.22538643225007143,0.013091,0.57618,67,10,77335.38582876131,-0.9555688299610876
2026-09-12 09:50:00+00:00,77349.4,77349.5,0.10000000000582077,1.2928340150553205e-06,77349.45,-0.23592132711868108,5.695526,0.896858,412,137,77354.07754035566,0.7279108741238375
2026-09-12 09:51:00+00:00,77345.5,77345.6,0.10000000000582077,1.2928992037139921e-06,77345.55,-0.24409032171003703,0.03299,0.231324,44,9,77348.59003268839,-0.7503726628177093
2026-09-12 09:52:00+00:00,77328.3,77328.4,0.09999999999126885,1.2931867806731793e-06,77328.35,-0.09694955482717828,0.128801,0.985901,137,34,77338.53055892965,-0.768905052650843
2026-09-12 09:53:00+00:00,77328.3,77328.4,0.09999999999126885,1.2931867806731793e-06,77328.35,-0.11475168160096512,0,0,0,0,77328.35,0.0
2026-09-12 09:54:00+00:00,77328.3,77328.4,0.09999999999126885,1.2931867806731793e-06,77328.35,-0.25451491441647167,0.004359,0.081053,4,2,77328.30510349834,-0.8979300332505971
2026-09-12 09:55:00+00:00,77339.7,77339.8,0.10000000000582077,1.2929961631091486e-06,77339.75,-0.22746752886898075,0.677768,0.033945,105,15,77332.36292986077,0.9046104258317609
2026-09-12 09:56:00+00:00,77334.5,77334.6,0.10000000000582077,1.2930831045867697e-06,77334.55,0.07630322047270395,0.006356,0.507143,98,13,77338.30986564724,-0.9752443529588177
2026-09-12 09:57:00+00:00,77334.5,77334.6,0.10000000000582077,1.2930831045867697e-06,77334.55,0.0006538586131638095,0.001781,0.030178,11,1,77334.50557276509,-0.8885446978941768
2026-09-12 09:58:00+00:00,77343.2,77343.3,0.10000000000582077,1.2929376513893684e-06,77343.25,-0.09884175868298767,1.000245,0.02788,110,14,77339.81200534955,0.945765349544073
2026-09-12 09:59:00+00:00,77349.9,77350.0,0.10000000000582077,1.29282565801039e-06,77349.95,0.147891288525603,0.540523,0.008951,57,10,77344.64071184442,0.9674197505250475
2026-09-12 10:00:00+00:00,77358.0,77358.1,0.10000000000582077,1.2926902889333529e-06,77358.05,0.026876441209625422,2.285291,0.047675,98,32,77362.4716011292,0.959129280066662
2026-09-12 10:01:00+00:00,77366.4,77366.5,0.10000000000582077,1.2925499361263282e-06,77366.45,0.20490120770203557,0.6951189999999999,0.105634,109,19,77361.88722352586,0.7361633362597455
2026-09-12 10:02:00+00:00,77394.7,77394.8,0.10000000000582077,1.2920773050603662e-06,77394.75,0.0584536832320322,1.635156,0.01442,219,41,77377.2700647318,0.9825167194479065
2026-09-12 10:03:00+00:00,77394.7,77394.8,0.10000000000582077,1.2920773050603662e-06,77394.75,-0.01419850225537568,0.058011,0.043421,36,2,77394.75719201042,0.14384020821831375
2026-09-12 10:04:00+00:00,77378.9,77379.0,0.10000000000582077,1.2923411341950332e-06,77378.95,-0.24409148819559057,0.152999,1.601913,190,36,77390.35502144837,-0.825633422074725
2026-09-12 10:05:00+00:00,77392.0,77392.1,0.10000000000582077,1.2921223821545077e-06,77392.05,0.32027401870942945,1.812746,0.035833000000000004,184,35,77388.17285980204,0.961231843486267
2026-09-12 10:06:00+00:00,77398.3,77398.4,0.09999999999126885,1.292017206972356e-06,77398.35,0.11664738049525836,1.808803,0.829498,181,47,77400.51080574203,0.3711877454467857
2026-09-12 10:07:00+00:00,77398.3,77398.4,0.09999999999126885,1.292017206972356e-06,77398.35,0.07565961228102501,0.204287,0.024707,27,8,77398.38921063433,0.7842126867952871
2026-09-12 10:08:00+00:00,77396.0,77396.1,0.10000000000582077,1.2920556023959978e-06,77396.05,0.0827843879801063,0.014403000000000001,0.953831,138,24,77397.12310774048,-0.9702489274287
2026-09-12 10:09:00+00:00,77396.0,77396.1,0.10000000000582077,1.2920556023959978e-06,77396.05,0.07188777048453826,0.007938,0.006077000000000001,9,0,77396.05663931502,0.13278630039243663
2026-09-12 10:10:00+00:00,77396.0,77396.1,0.10000000000582077,1.2920556023959978e-06,77396.05,0.16179004181803602,0.015187999999999998,0.018993,15,2,77396.0444340423,-0.11131915391591825
2026-09-12 10:11:00+00:00,77398.2,77398.3,0.10000000000582077,1.2920188764709894e-06,77398.25,0.17555791009450702,0.531851,0.019149,78,12,77396.1685245009,0.9304936479128858
2026-09-12 10:12:00+00:00,77398.2,77398.3,0.10000000000582077,1.2920188764709894e-06,77398.25,0.3476986140765104,0.063503,0.035623,25,2,77398.26406290985,0.28125819663862156
2026-09-12 10:13:00+00:00,77398.2,77398.3,0.10000000000582077,1.2920188764709894e-06,77398.25,0.35257948186528504,0.103855,0.025356,38,3,77398.28037628376,0.6075256750586251
2026-09-12 10:14:00+00:00,77398.2,77398.3,0.10000000000582077,1.2920188764709894e-06,77398.25,0.29603601554483183,0.046264,0.008775999999999999,17,3,77398.28405523255,0.6811046511627907
2026-09-12 10:15:00+00:00,77398.2,77398.3,0.10000000000582077,1.2920188764709894e-06,77398.25,0.06717550555637558,0.000348,0.009401,9,0,77398.20356959688,-0.928608062365371
2026-09-12 10:16:00+00:00,77398.2,77398.3,0.10000000000582077,1.2920188764709894e-06,77398.25,0.26512241880880294,0.02248,0.066568,36,3,77398.22524481178,-0.49510376426197106
2026-09-12 10:17:00+00:00,77388.1,77388.2,0.09999999999126885,1.2921874988776558e-06,77388.15,0.12766345876685534,0.01827,3.23289,134,29,77394.04008172468,-0.9887609345587423
2026-09-12 10:18:00+00:00,77392.0,77392.1,0.10000000000582077,1.2921223821545077e-06,77392.05,0.057931754721402,0.238901,0.011133,48,3,77388.51207075837,0.9109481110568963
2026-09-12 10:19:00+00:00,77392.0,77392.1,0.10000000000582077,1.2921223821545077e-06,77392.05,0.09748566638249025,0.037421,0.012989,22,2,77392.07423328704,0.4846657409244198
2026-09-12 10:20:00+00:00,77392.0,77392.1,0.10000000000582077,1.2921223821545077e-06,77392.05,0.10750880236020918,0.018741,0.021269,24,1,77392.04684078982,-0.06318420394901271
2026-09-12 10:21:00+00:00,77377.9,77378.0,0.10000000000582077,1.2923578358669462e-06,77377.95,0.03081676124195979,0.300022,2.397046,145,32,77381.29482630768,-0.7775198845561181
2026-09-12 10:22:00+00:00,77375.2,77375.3,0.10000000000582077,1.2924029325374815e-06,77375.25,0.24144266947864024,0.0031190000000000002,0.221138,49,5,77377.70361727838,-0.972183699951395
2026-09-12 10:23:00+00:00,77375.2,77375.3,0.10000000000582077,1.2924029325374815e-06,77375.25,0.19791500504900156,0.015523,0.10956400000000001,17,1,77375.2124097628,-0.7518047438982469
2026-09-12 10:24:00+00:00,77375.2,77375.3,0.10000000000582077,1.2924029325374815e-06,77375.25,0.23194074135311157,0.013987,0.0010659999999999999,17,1,77375.29291835515,0.8583671029030759
2026-09-12 10:25:00+00:00,77375.2,77375.3,0.10000000000582077,1.2924029325374815e-06,77375.25,0.23926234508382596,0.000881,0.006192,14,0,77375.21245581789,-0.7508836420189453
2026-09-12 10:26:00+00:00,77375.2,77375.3,0.10000000000582077,1.2924029325374815e-06,77375.25,0.27032887445498927,0.009573,0.060659,18,2,77375.21363053878,-0.7273892242852261
2026-09-12 10:27:00+00:00,77375.2,77375.3,0.10000000000582077,1.2924029325374815e-06,77375.25,0.2795602085291102,0.086842,0.013755,25,3,77375.28632663003,0.7265326003757567
2026-09-12 10:28:00+00:00,77375.2,77375.3,0.10000000000582077,1.2924029325374815e-06,77375.25,0.09534063224182787,0.026567,0.116068,36,4,77375.2186258632,-0.6274827356539419
2026-09-12 10:29:00+00:00,77375.2,77375.3,0.10000000000582077,1.2924029325374815e-06,77375.25,0.060384196265074734,0.009863,0.002825,9,1,77375.2777348676,0.5546973518284994
2026-09-12 10:30:00+00:00,77375.2,77375.3,0.10000000000582077,1.2924029325374815e-06,77375.25,0.058523865254536435,0.015497,0.026456,20,1,77375.2369389555,-0.2612208900436202
2026-09-12 10:31:00+00:00,77353.7,77353.8,0.10000000000582077,1.2927621479995575e-06,77353.75,-0.21969011085136964,0.546981,8.659746,267,82,77358.85553500174,-0.8811779691088917
2026-09-12 10:32:00+00:00,77353.7,77353.8,0.10000000000582077,1.2927621479995575e-06,77353.75,-0.1169586504249,0.018992,0.152468,33,5,77353.71107663595,-0.7784672809984835
2026-09-12 10:33:00+00:00,77353.7,77353.8,0.10000000000582077,1.2927621479995575e-06,77353.75,-0.1904633913079818,0.00482,0.040511,29,2,77353.71063290021,-0.7873419955438884
2026-09-12 10:34:00+00:00,77351.6,77351.7,0.09999999999126885,1.292797244677636e-06,77351.65,-0.1521151083513034,0.042728,0.645145,79,29,77353.05131993843,-0.875767765270624
2026-09-12 10:35:00+00:00,77351.6,77351.7,0.09999999999126885,1.292797244677636e-06,77351.65,-0.06898899271187883,0.001697,0.016056,13,0,77351.60955894778,-0.8088210443305356
2026-09-12 10:36:00+00:00,77351.6,77351.7,0.09999999999126885,1.292797244677636e-06,77351.65,-0.05008441162950049,0.0051649999999999995,0.040063,21,2,77351.61141991687,-0.7716016626868311
2026-09-12 10:37:00+00:00,77351.6,77351.7,0.09999999999126885,1.292797244677636e-06,77351.65,0.04927441851974329,0.024695,0.011303,27,0,77351.66860103338,0.37202066781487864
2026-09-12 10:38:00+00:00,77353.7,77353.8,0.10000000000582077,1.2927621479995575e-06,77353.75,-0.05925570851394154,1.116376,0.054404,77,18,77351.85298356651,0.9070636669570715
2026-09-12 10:39:00+00:00,77357.5,77357.6,0.10000000000582077,1.292698644228272e-06,77357.55,-0.30158947879240633,2.294523,0.087425,128,37,77359.70680934262,0.9265936955802561
2026-09-12 10:40:00+00:00,77365.1,77365.2,0.09999999999126885,1.2925716552125713e-06,77365.15,-0.02006414305845763,0.431714,0.510671,84,19,77361.86891302386,-0.08378422831433013
2026-09-12 10:41:00+00:00,77375.2,77375.3,0.10000000000582077,1.2924029325374815e-06,77375.25,0.2571841947817355,0.59959,0.0059370000000000004,88,16,77368.37119599951,0.9803906349345282
2026-09-12 10:42:00+00:00,77367.5,77367.6,0.10000000000582077,1.292531558848907e-06,77367.55,-0.041263239258136644,0.098928,1.468263,127,27,77372.39985005018,-0.8737511892296473
2026-09-12 10:43:00+00:00,77367.5,77367.6,0.10000000000582077,1.292531558848907e-06,77367.55,-0.09675615235780623,0.025244000000000003,0.0047,16,1,77367.5843040342,0.686080683943361
2026-09-12 10:44:00+00:00,77367.5,77367.6,0.10000000000582077,1.292531558848907e-06,77367.55,0.014283626004925856,0.029536,0.076258,28,3,77367.52791840748,-0.44163185057753757
2026-09-12 10:45:00+00:00,77367.5,77367.6,0.10000000000582077,1.292531558848907e-06,77367.55,-0.0634578511791509,0.0053419999999999995,0.011201000000000001,20,0,77367.5322916037,-0.35416792601100167
2026-09-12 10:46:00+00:00,77376.9,77377.0,0.10000000000582077,1.2923745379705555e-06,77376.95,0.0016137064544870649,1.160307,0.030414,127,19,77371.02764173977,0.9489149851224595
2026-09-12 10:47:00+00:00,77349.8,77349.9,0.09999999999126885,1.2928273292226016e-06,77349.85,0.2865112403233619,0.080613,1.927422,170,32,77375.53901914059,-0.9197095668153195
2026-09-12 10:48:00+00:00,77348.2,77348.3,0.10000000000582077,1.292854072403975e-06,77348.25,-0.04747504998993632,0.045709,1.891245,84,22,77357.70423618733,-0.9528032157707411
2026-09-12 10:49:00+00:00,77352.9,77353.0,0.10000000000582077,1.292775518009601e-06,77352.95,-0.0934953850746064,0.6027830000000001,0.08419800000000001,91,19,77348.35408606642,0.7548753167845982
2026-09-12 10:50:00+00:00,77352.9,77353.0,0.10000000000582077,1.292775518009601e-06,77352.95,-0.024791252722463582,0.000889,0.08519,22,3,77352.90103277222,-0.9793445555826624
2026-09-12 10:51:00+00:00,77352.9,77353.0,0.10000000000582077,1.292775518009601e-06,77352.95,-0.08664755247273934,0.002196,0.013261,12,0,77352.91420715534,-0.7158568933169438
2026-09-12 10:52:00+00:00,77334.5,77334.6,0.10000000000582077,1.2930831045867697e-06,77334.55,-0.14759647642253526,0.002258,1.505568,141,29,77346.73017410497,-0.9970049594581867
2026-09-12 10:53:00+00:00,77334.5,77334.6,0.10000000000582077,1.2930831045867697e-06,77334.55,-0.15882835140813503,0.15212499999999998,0.03079,25,4,77334.58316704481,0.6633408960446108
2026-09-12 10:54:00+00:00,77315.1,77315.2,0.09999999999126885,1.2934075661919928e-06,77315.15,-0.1534078786131334,0.014919,2.195051,141,30,77329.7816458142,-0.986498459255103
2026-09-12 10:55:00+00:00,77346.0,77346.1,0.10000000000582077,1.2928908458262674e-06,77346.05,0.1693498838546756,6.203054,0.388415,189,79,77331.19902138658,0.8821461498188036
2026-09-12 10:56:00+00:00,77328.0,77328.1,0.10000000000582077,1.2931917978769768e-06,77328.05,-0.19019351375625593,0.06998,0.921009,150,24,77338.85695905807,-0.8587673526144084
