timestamp_utc,open,high,low,close,volume,turnover,EMA5,EMA10,EMA20,EMA50,EMA100
2026-09-08 07:43:00+00:00,78507.3,78507.3,78462.6,78465.4,14.709622,1154416.3339283,,,,,
2026-09-08 07:44:00+00:00,78465.4,78465.4,78434.5,78434.5,4.51099,353862.6169715,,,,,
2026-09-08 07:45:00+00:00,78434.5,78434.5,78369.7,78369.8,14.993326,1175353.7326498,,,,,
2026-09-08 07:46:00+00:00,78369.8,78369.8,78350.0,78350.1,8.945902,700997.8547019,,,,,
2026-09-08 07:47:00+00:00,78350.1,78354.6,78303.3,78311.1,8.853041,693464.0634763,78371.12962962964,,,,
2026-09-08 07:48:00+00:00,78311.1,78333.3,78294.4,78296.1,9.202016,720647.8421422,78346.11975308643,,,,
2026-09-08 07:49:00+00:00,78296.1,78296.2,78278.0,78281.6,4.13616,323794.0460602,78324.61316872429,,,,
2026-09-08 07:50:00+00:00,78281.6,78281.6,78211.7,78224.1,13.785942,1078617.88849171,78291.10877914954,,,,
2026-09-08 07:51:00+00:00,78224.1,78251.5,78201.7,78221.9,9.136414,714670.8758767,78268.03918609969,,,,
2026-09-08 07:52:00+00:00,78221.9,78280.6,78171.0,78280.6,15.862702,1240607.72329947,78272.22612406647,78312.14063025056,,,
2026-09-08 07:53:00+00:00,78280.6,78339.2,78273.0,78326.1,7.433155,582058.0738628,78290.18408271098,78314.67869747774,,,
2026-09-08 07:54:00+00:00,78326.1,78370.4,78305.0,78329.6,7.029271,550657.1430275,78303.32272180733,78317.39166157269,,,
2026-09-08 07:55:00+00:00,78329.6,78435.9,78329.6,78435.9,4.713595,369486.7344244,78347.51514787156,78338.93863219583,,,
2026-09-08 07:56:00+00:00,78435.9,78449.0,78399.1,78414.2,7.584833,594819.5942665,78369.74343191436,78352.62251725113,,,
2026-09-08 07:57:00+00:00,78414.2,78430.9,78390.3,78430.8,3.397597,266397.7074004,78390.09562127624,78366.83660502365,,,
2026-09-08 07:58:00+00:00,78430.8,78471.7,78430.8,78471.6,3.939766,309099.5741379,78417.2637475175,78385.88449501935,,,
2026-09-08 07:59:00+00:00,78471.6,78478.7,78458.0,78478.7,2.699229,211801.5271581,78437.742498345,78402.76004137946,,,
2026-09-08 08:00:00+00:00,78478.7,78480.0,78381.2,78388.4,9.491388,744310.6550578,78421.29499889667,78400.14912476501,,,
2026-09-08 08:01:00+00:00,78388.4,78388.4,78310.4,78310.4,7.421413,581545.1934446,78384.32999926445,78383.83110208045,,,
2026-09-08 08:02:00+00:00,78310.4,78343.8,78286.9,78343.8,5.776759,452376.5653743,78370.81999950964,78376.552719884,78381.06079375968,,
2026-09-08 08:03:00+00:00,78343.8,78358.2,78328.1,78358.2,3.577804,280295.6187072,78366.61333300643,78373.21586172326,78378.88357530638,,
2026-09-08 08:04:00+00:00,78358.2,78367.2,78344.0,78352.4,2.83295,221984.7898519,78361.87555533762,78369.43115959175,78376.3613300391,,
2026-09-08 08:05:00+00:00,78352.4,78387.6,78351.6,78382.2,2.439787,191200.292818,78368.65037022509,78371.7527669387,78376.9173938449,,
2026-09-08 08:06:00+00:00,78382.2,78406.8,78371.1,78406.8,3.51538,275579.704487,78381.36691348339,78378.12499113167,78379.76335633585,,
2026-09-08 08:07:00+00:00,78406.8,78442.7,78397.8,78413.6,5.567274,436597.0540842,78392.1112756556,78384.57499274409,78382.98589382767,,
2026-09-08 08:08:00+00:00,78413.6,78413.7,78340.1,78372.7,5.056093,396222.4441744,78385.64085043706,78382.41590315425,78382.0062848917,,
2026-09-08 08:09:00+00:00,78372.7,78372.7,78334.6,78345.7,1.956578,153303.7592975,78372.3272336247,78375.74028439893,78378.54854347344,,
2026-09-08 08:10:00+00:00,78345.7,78371.7,78315.9,78316.7,4.012523,314365.9852391,78353.78482241646,78365.00568723548,78372.65820599979,,
2026-09-08 08:11:00+00:00,78316.7,78368.3,78316.7,78350.9,3.399302,266315.2442664,78352.8232149443,78362.44101682902,78370.58599590458,,
2026-09-08 08:12:00+00:00,78350.9,78375.1,78350.6,78369.6,4.103227,321535.314523,78358.41547662954,78363.74265013283,78370.49209153272,,
2026-09-08 08:13:00+00:00,78369.6,78394.1,78354.9,78354.9,4.146337,324995.884486,78357.24365108636,78362.13489556323,78369.00713043436,,
2026-09-08 08:14:00+00:00,78354.9,78391.7,78347.3,78391.7,3.018974,236593.5379085,78368.72910072425,78367.51036909719,78371.16835610729,,
2026-09-08 08:15:00+00:00,78391.7,78418.7,78343.0,78345.6,10.178146,797868.4565079,78361.01940048284,78363.52666562497,78368.73327457326,,
2026-09-08 08:16:00+00:00,78345.6,78357.0,78332.1,78332.5,4.397576,344527.0495406,78351.51293365523,78357.88545369316,78365.28248651866,,
2026-09-08 08:17:00+00:00,78332.5,78348.4,78307.2,78341.6,8.372691,655821.7675492,78348.20862243682,78354.92446211258,78363.02701161211,,
2026-09-08 08:18:00+00:00,78341.6,78352.3,78314.3,78315.6,3.076217,240989.1421442,78337.33908162455,78347.7745599103,78358.51015336334,,
2026-09-08 08:19:00+00:00,78315.6,78352.2,78314.3,78344.6,7.595217,594964.4524363,78339.75938774971,78347.19736719933,78357.18537685255,,
2026-09-08 08:20:00+00:00,78344.6,78345.5,78321.2,78345.5,2.679435,209890.928849,78341.67292516648,78346.88875498126,78356.07248381896,,
2026-09-08 08:21:00+00:00,78345.5,78352.1,78321.8,78325.3,5.28897,414308.673022,78336.21528344433,78342.96352680285,78353.14177107431,,
2026-09-08 08:22:00+00:00,78325.3,78342.8,78307.2,78323.2,4.247692,332703.0348943,78331.87685562955,78339.37015829323,78350.29017382914,,
2026-09-08 08:23:00+00:00,78323.2,78361.6,78323.2,78361.5,4.639761,363475.4905273,78341.75123708637,78343.39376587627,78351.3577763216,,
2026-09-08 08:24:00+00:00,78361.5,78410.8,78354.7,78410.8,5.458107,427812.1568173,78364.76749139093,78355.64944480786,78357.01894048146,,
2026-09-08 08:25:00+00:00,78410.8,78418.9,78352.9,78413.2,10.080351,790201.7341349,78380.91166092729,78366.11318211551,78362.36951757847,,
2026-09-08 08:26:00+00:00,78413.2,78449.9,78412.6,78443.1,5.191484,407173.4825932,78401.64110728487,78380.11078536723,78370.05813495195,,
2026-09-08 08:27:00+00:00,78443.1,78475.7,78443.1,78475.7,5.739912,450376.9054493,78426.3274048566,78397.49064257319,78380.11926495653,,
2026-09-08 08:28:00+00:00,78475.7,78500.0,78475.6,78500.0,2.789541,218943.3591784,78450.88493657106,78416.12870755988,78391.53647781782,,
2026-09-08 08:29:00+00:00,78500.0,78507.7,78477.0,78477.0,4.492889,352683.1155632,78459.58995771405,78427.19621527626,78399.6758608828,,
2026-09-08 08:30:00+00:00,78477.0,78477.0,78448.9,78460.2,2.921805,229237.1478187,78459.79330514271,78433.19690340784,78405.44006460824,,
2026-09-08 08:31:00+00:00,78460.2,78510.3,78460.2,78507.2,4.589916,360227.2543305,78475.5955367618,78446.65201187914,78415.1314870265,,
2026-09-08 08:32:00+00:00,78507.2,78508.7,78477.2,78482.0,2.525011,198200.5385755,78477.73035784121,78453.0789188102,78421.4999168335,78403.18066461144,
2026-09-08 08:33:00+00:00,78482.0,78530.5,78476.5,78519.5,5.667605,444935.6677119,78491.65357189414,78465.15547902652,78430.83325808746,78407.7422071757,
2026-09-08 08:34:00+00:00,78519.5,78529.0,78501.9,78503.9,3.684154,289250.6970687,78495.7357145961,78472.19993738533,78437.79199541247,78411.51310101195,
2026-09-08 08:35:00+00:00,78503.9,78542.6,78503.9,78537.3,3.512435,275818.5750403,78509.5904763974,78484.03631240617,78447.26894823032,78416.44592058011,
2026-09-08 08:36:00+00:00,78537.3,78548.0,78498.9,78543.1,5.082669,399123.7153031,78520.76031759827,78494.77516469595,78456.39571506553,78421.41274722404,
2026-09-08 08:37:00+00:00,78543.1,78544.3,78534.2,78535.7,1.922036,150951.3119566,78525.74021173219,78502.21604384214,78463.94850410691,78425.89460027407,
2026-09-08 08:38:00+00:00,78535.7,78552.3,78535.6,78552.2,1.660894,130453.3714328,78534.5601411548,78511.30403587084,78472.35340847768,78430.8477532045,
2026-09-08 08:39:00+00:00,78552.2,78560.1,78548.4,78549.4,3.503385,275208.9517274,78539.50676076987,78518.23057480341,78479.69117909885,78435.49686092198,
2026-09-08 08:40:00+00:00,78549.4,78549.4,78542.2,78542.3,1.076447,84549.4141538,78540.43784051326,78522.60683393007,78485.65392394658,78439.6852193172,
2026-09-08 08:41:00+00:00,78542.3,78546.3,78542.2,78542.3,1.307683,102712.3167953,78541.05856034218,78526.18740957914,78491.04878833261,78443.70932836358,
2026-09-08 08:42:00+00:00,78542.3,78548.2,78517.9,78517.9,2.71153,212952.5015174,78533.33904022812,78524.68060783748,78493.60604658665,78446.61876646697,
2026-09-08 08:43:00+00:00,78517.9,78536.1,78517.9,78526.3,2.86015,224587.1157043,78530.99269348543,78524.97504277612,78496.71975643554,78449.74352072316,
2026-09-08 08:44:00+00:00,78526.3,78542.0,78501.8,78534.0,7.893881,619828.2815883,78531.9951289903,78526.61594408954,78500.27025582263,78453.04769638108,
2026-09-08 08:45:00+00:00,78534.0,78585.0,78519.5,78536.4,9.267581,727943.2890621,78533.46341932687,78528.39486334598,78503.71118383952,78456.31641417007,
2026-09-08 08:46:00+00:00,78536.4,78564.5,78529.4,78564.4,3.780125,296915.241992,78543.77561288458,78534.94125182852,78509.4910710929,78460.55498616339,
2026-09-08 08:47:00+00:00,78564.4,78567.2,78533.1,78533.1,3.118488,244958.4791081,78540.2170752564,78534.6064787688,78511.73954051262,78463.3998886668,
2026-09-08 08:48:00+00:00,78533.1,78533.1,78504.9,78504.9,2.358132,185157.5790531,78528.4447168376,78529.20530081083,78511.0881557019,78465.0273440132,
2026-09-08 08:49:00+00:00,78504.9,78507.3,78500.2,78507.3,1.609696,126363.7520072,78521.39647789174,78525.22251884523,78510.7273789684,78466.68509522837,
2026-09-08 08:50:00+00:00,78507.3,78518.2,78443.1,78458.4,15.393216,1208103.1159342,78500.39765192784,78513.07296996427,78505.74381906664,78466.36018953315,
2026-09-08 08:51:00+00:00,78458.4,78458.4,78399.0,78401.8,6.512075,510724.904671,78467.5317679519,78492.84152087985,78495.84440772697,78463.8284173946,
2026-09-08 08:52:00+00:00,78401.8,78411.7,78395.9,78396.0,3.021496,236903.0774283,78443.68784530128,78475.23397162897,78486.33541651488,78461.16847945757,
2026-09-08 08:53:00+00:00,78396.0,78411.5,78395.9,78410.1,2.024958,158765.2736982,78432.49189686752,78463.39143133278,78479.07490065633,78459.16579398865,
2026-09-08 08:54:00+00:00,78410.1,78410.1,78410.0,78410.0,0.025002,1960.408122,78424.99459791169,78453.68389836318,78472.49633868906,78457.23772363615,
2026-09-08 08:55:00+00:00,78410.0,78423.4,78353.9,78354.0,64.149033,5028397.1438471,78401.32973194114,78435.55955320623,78461.21097309962,78453.18918545434,
2026-09-08 08:56:00+00:00,78354.0,78442.7,78353.9,78441.2,40.895173,3204720.8331738,78414.6198212941,78436.58508898692,78459.30516613775,78452.71902131887,
2026-09-08 08:57:00+00:00,78441.2,78447.2,78437.0,78447.1,2.033445,159506.4589881,78425.4465475294,78438.49689098929,78458.14276936273,78452.49866754167,
2026-09-08 08:58:00+00:00,78447.1,78447.1,78400.9,78405.2,8.21313,644116.439963,78418.69769835295,78432.44291080942,78453.10060085199,78450.64381783415,
2026-09-08 08:59:00+00:00,78405.2,78411.9,78395.0,78411.9,3.896297,305475.0040954,78416.43179890196,78428.7078361168,78449.17673410419,78449.12445242889,
2026-09-08 09:00:00+00:00,78411.9,78413.4,78353.0,78353.0,23.406633,1834584.2003576,78395.28786593465,78414.94277500465,78440.01704514188,78445.35486605913,
2026-09-08 09:01:00+00:00,78353.0,78407.0,78353.0,78402.1,40.163185,3147206.9224257,78397.55857728978,78412.60772500379,78436.40589798552,78443.65859680192,
2026-09-08 09:02:00+00:00,78402.1,78415.9,78402.1,78409.6,4.444955,348533.6580203,78401.57238485986,78412.0608659122,78433.85295532024,78442.32296555479,
2026-09-08 09:03:00+00:00,78409.6,78429.4,78409.5,78425.5,3.27676,256978.5993809,78409.54825657324,78414.50434483725,78433.05743576594,78441.66324141539,
2026-09-08 09:04:00+00:00,78425.5,78442.4,78425.5,78427.7,4.261816,334283.1765206,78415.59883771549,78416.90355486683,78432.54720378823,78441.11566332067,
2026-09-08 09:05:00+00:00,78427.7,78436.4,78392.6,78392.7,5.067473,397390.2948847,78407.96589181032,78412.5029085274,78428.75223199888,78439.21700985712,
2026-09-08 09:06:00+00:00,78392.7,78438.4,78392.7,78438.3,2.109796,165443.9389678,78418.07726120688,78417.19328879514,78429.66154323707,78439.18104868625,
2026-09-08 09:07:00+00:00,78438.3,78446.3,78396.2,78399.3,6.301246,494168.5717014,78411.81817413792,78413.93996355965,78426.76996769069,78437.61708599268,
2026-09-08 09:08:00+00:00,78399.3,78428.0,78332.0,78334.7,10.038312,786874.9946264,78386.11211609194,78399.5326974579,78418.00139933919,78433.5811218361,
2026-09-08 09:09:00+00:00,78334.7,78383.7,78334.7,78383.7,3.596357,281779.3065165,78385.30807739463,78396.65402519281,78414.73459940213,78431.62499941116,
2026-09-08 09:10:00+00:00,78383.7,78396.9,78333.9,78337.9,119.379794,9353046.9917443,78369.50538492975,78385.97147515774,78407.41701850669,78427.94950923817,
2026-09-08 09:11:00+00:00,78337.9,78372.2,78326.9,78364.1,29.752342,2330598.6631839,78367.70358995318,78381.99484331088,78403.29158817272,78425.4456069151,
2026-09-08 09:12:00+00:00,78364.1,78422.2,78364.1,78421.1,12.686649,994728.5633526,78385.50239330213,78389.1048717998,78404.98762739438,78425.27519095765,
2026-09-08 09:13:00+00:00,78421.1,78472.6,78421.1,78472.6,10.062049,789394.9864156,78414.53492886809,78404.28580419984,78411.42690097587,78427.13106582206,
2026-09-08 09:14:00+00:00,78472.6,78481.8,78472.6,78478.1,2.303488,180777.3650781,78435.72328591207,78417.7065670726,78417.77671993055,78429.12984755453,
2026-09-08 09:15:00+00:00,78478.1,78496.2,78469.8,78471.5,5.848479,459037.3433737,78447.64885727472,78427.4871912412,78422.8932227943,78430.79142216024,
2026-09-08 09:16:00+00:00,78471.5,78471.5,78458.7,78458.8,7.10605,557587.0567653,78451.36590484981,78433.18042919734,78426.3129158615,78431.8897977618,
2026-09-08 09:17:00+00:00,78458.8,78458.8,78421.8,78457.1,13.265354,1040568.7142676,78453.27726989987,78437.52944207055,78429.24501911279,78432.87843314369,
2026-09-08 09:18:00+00:00,78457.1,78502.0,78457.1,78490.0,182.532623,14327186.6558828,78465.51817993325,78447.06954351226,78435.03120776871,78435.11849458904,
2026-09-08 09:19:00+00:00,78490.0,78500.9,78458.0,78458.0,293.197501,23008251.8081852,78463.0121199555,78449.0568992373,78437.21871179073,78436.01580852673,
2026-09-08 09:20:00+00:00,78458.0,78459.7,78458.0,78458.0,63.760574,5002529.5582464,78461.34141330367,78450.68291755779,78439.19788209637,78436.87793368255,
2026-09-08 09:21:00+00:00,78458.0,78458.1,78387.5,78404.2,69.681527,5465739.6613818,78442.29427553578,78442.23147800182,78435.86475046814,78435.59644608716,
2026-09-08 09:22:00+00:00,78404.2,78404.2,78337.0,78346.0,188.167046,14743015.2882841,78410.19618369052,78424.73484563785,78427.30620280452,78432.08285996609,78433.32778943949
2026-09-08 09:23:00+00:00,78346.0,78405.1,78343.9,78405.1,133.53433,10463481.2663172,78408.4974557937,78421.16487370369,78425.19132634695,78431.02470859486,78432.76882331197
2026-09-08 09:24:00+00:00,78405.1,78437.4,78405.1,78425.5,4.76199,373477.184883,78414.16497052913,78421.95307848483,78425.22072383772,78430.80805335585,78432.62488621667
2026-09-08 09:25:00+00:00,78425.5,78432.9,78421.1,78429.4,2.459655,192902.8050691,78419.2433136861,78423.30706421487,78425.61875013888,78430.7528355772,78432.56102708366
2026-09-08 09:26:00+00:00,78429.4,78451.1,78422.7,78445.8,15.885805,1246022.8380659,78428.09554245739,78427.39668890307,78427.54077393518,78431.34292045652,78432.8231849632
2026-09-08 09:27:00+00:00,78445.8,78485.4,78445.8,78475.7,15.788474,1238944.7793818,78443.96369497161,78436.17910910251,78432.12736689374,78433.08241377196,78433.6722308055
2026-09-08 09:28:00+00:00,78475.7,78485.0,78475.6,78475.6,3.14261,246629.9844278,78454.50912998107,78443.34654381115,78436.26761766577,78434.74977009464,78434.50248366084
2026-09-08 09:29:00+00:00,78475.6,78475.7,78471.3,78472.6,0.3218,25253.1153671,78460.53941998738,78448.6653540273,78439.72784455476,78436.23409283604,78435.25688992497
2026-09-08 09:30:00+00:00,78472.6,78479.1,78444.7,78479.0,5.320596,417444.4725483,78466.69294665827,78454.18074420415,78443.46804983525,78437.91118723463,78436.12309012447
2026-09-08 09:31:00+00:00,78479.0,78485.0,78465.0,78485.0,2.715217,213072.8994575,78472.79529777219,78459.78424525794,78447.42347366047,78439.75780734306,78437.09094972596
2026-09-08 09:32:00+00:00,78485.0,78559.8,78485.0,78548.1,8.085749,634981.3940861,78497.89686518146,78475.84165521103,78457.01171426424,78444.00652078059,78439.28914874127
2026-09-08 09:33:00+00:00,78548.1,78594.2,78544.5,78592.3,8.692067,682921.5936752,78529.36457678766,78497.01589971811,78469.89631290574,78449.82195133822,78442.31906658798
2026-09-08 09:34:00+00:00,78592.3,78604.0,78587.1,78587.2,3.051082,239810.5357434,78548.64305119177,78513.41300886027,78481.068092629,78455.20932579556,78445.18799596246
2026-09-08 09:35:00+00:00,78587.2,78606.7,78575.2,78606.7,3.242178,254785.0268484,78567.99536746118,78530.37427997658,78493.03303618814,78461.15013654868,78448.38625346817
2026-09-08 09:36:00+00:00,78606.7,78662.3,78606.7,78658.3,9.843653,774053.2461808,78598.09691164078,78553.633501799,78508.77274702735,78468.88150374284,78452.54296132029
2026-09-08 09:37:00+00:00,78658.3,78662.4,78651.9,78655.3,2.817184,221592.8968364,78617.16460776053,78572.11831965373,78522.72772350094,78476.19203300783,78456.55795218523
2026-09-08 09:38:00+00:00,78655.3,78693.0,78655.3,78692.9,4.979235,391782.9201772,78642.40973850702,78594.07862517123,78538.93460697704,78484.69038465459,78461.23799273602
2026-09-08 09:39:00+00:00,78692.9,78692.9,78676.3,78689.5,3.330688,262072.7058648,78658.10649233802,78611.42796604919,78553.27416821732,78492.72213427599,78465.75803248382
2026-09-08 09:40:00+00:00,78689.5,78709.6,78683.5,78707.0,3.552424,279557.3320161,78674.40432822536,78628.80469949478,78567.9147236252,78501.1251878338,78470.5351011475
2026-09-08 09:41:00+00:00,78707.0,78754.5,78700.1,78754.4,5.085194,400319.13617939,78701.06955215023,78651.64020867753,78585.67522613709,78511.05753340895,78476.15618825349
2026-09-08 09:42:00+00:00,78754.4,78754.5,78716.8,78732.4,6.790051,534628.3883715,78711.51303476683,78666.32380709979,78599.64901412402,78519.73763013801,78481.23032313956
2026-09-08 09:43:00+00:00,78732.4,78776.2,78732.4,78776.2,1.96888,155047.9085088,78733.07535651122,78686.30129671801,78616.46339373125,78529.79497797573,78487.07130683976
2026-09-08 09:44:00+00:00,78776.2,78776.3,78730.7,78757.4,7.853396,618432.0292291,78741.18357100748,78699.22833367837,78629.88592766161,78538.72066511394,78492.42435026867
2026-09-08 09:45:00+00:00,78757.4,78773.6,78739.7,78762.1,8.081134,636449.9713218,78748.155714005,78710.65954573684,78642.47774407479,78547.48063903104,78497.76446214454
2026-09-08 09:46:00+00:00,78762.1,78762.1,78742.4,78743.7,6.124239,482279.0559653,78746.67047600333,78716.66690105741,78652.1179589248,78555.17551593178,78502.63447279514
2026-09-08 09:47:00+00:00,78743.7,78743.7,78724.2,78741.1,4.213934,331783.5956797,78744.81365066889,78721.10928268333,78660.5924390272,78562.46667216976,78507.35656244276
2026-09-08 09:48:00+00:00,78741.1,78767.7,78741.1,78767.7,1.586245,124917.2268452,78752.44243377926,78729.58032219544,78670.79315911986,78570.51503796702,78512.51187803794
2026-09-08 09:49:00+00:00,78767.7,78773.1,78745.2,78765.0,7.257804,571629.3570154,78756.62828918618,78736.02026361445,78679.76523920367,78578.14189922322,78517.51164282927
2026-09-08 09:50:00+00:00,78765.0,78793.9,78765.0,78780.0,6.455724,508623.1203893,78764.41885945745,78744.01657932092,78689.31140689856,78586.05790317526,78522.70943208017
2026-09-08 09:51:00+00:00,78780.0,78780.1,78763.5,78763.5,4.039339,318196.7043796,78764.11257297164,78747.55901944438,78696.37698719393,78593.01641677623,78527.477562138
2026-09-08 09:52:00+00:00,78763.5,78763.5,78744.1,78744.1,1.668079,131365.7382816,78757.44171531443,78746.93010681812,78700.9220360326,78598.94126317716,78531.76711536298
2026-09-08 09:53:00+00:00,78744.1,78776.0,78743.2,78752.9,10.231472,805826.1679055,78755.92781020963,78748.01554194209,78705.8723183152,78604.97886069963,78536.14598436569
2026-09-08 09:54:00+00:00,78752.9,78755.6,78740.3,78755.6,3.639185,286577.3320678,78755.81854013976,78749.39453431625,78710.60828799948,78610.88557204475,78540.49160843766
2026-09-08 09:55:00+00:00,78755.6,78769.6,78742.9,78769.6,5.48045,431598.4088961,78760.41236009318,78753.06825534966,78716.22654628525,78617.10966725869,78545.02840827058
2026-09-08 09:56:00+00:00,78769.6,78773.9,78749.0,78752.7,3.612587,284527.9081339,78757.84157339546,78753.00129983154,78719.7002085438,78622.42693520933,78549.1407170177
2026-09-08 09:57:00+00:00,78752.7,78760.3,78731.2,78739.6,7.480261,589037.5241567,78751.76104893032,78750.56469986217,78721.59542677773,78627.02195735798,78552.91218796784
2026-09-08 09:58:00+00:00,78739.6,78757.2,78731.2,78757.2,5.713095,449853.6432988,78753.57403262022,78751.77111806904,78724.98633851319,78632.12697863806,78556.95749117639
2026-09-08 09:59:00+00:00,78757.2,78767.4,78755.8,78762.0,1.960463,154407.0974485,78756.38268841349,78753.63091478376,78728.51144913098,78637.2200382993,78561.01773887586
2026-09-08 10:00:00+00:00,78762.0,78762.0,78733.8,78733.9,3.768792,296792.4981327,78748.88845894233,78750.04347573216,78729.02464445183,78641.01140934639,78564.44114998722
2026-09-08 10:01:00+00:00,78733.9,78733.9,78689.2,78689.2,6.740954,530565.3208326,78728.99230596155,78738.98102559903,78725.2318211707,78642.90115799948,78566.9116222647
2026-09-08 10:02:00+00:00,78689.2,78733.5,78673.0,78726.0,13.72119,1079839.0673993,78727.99487064104,78736.62083912647,78725.3049810592,78646.15993611715,78570.06188717035
2026-09-08 10:03:00+00:00,78726.0,78750.0,78726.0,78734.2,2.697427,212399.5818125,78730.06324709402,78736.18068655801,78726.15212572023,78649.61248764198,78573.31214683033
2026-09-08 10:04:00+00:00,78734.2,78734.2,78722.9,78722.9,1.460581,114989.1798548,78727.67549806269,78733.76601627473,78725.84239946115,78652.48650773446,78576.27428253666
2026-09-08 10:05:00+00:00,78722.9,78743.7,78717.0,78743.7,4.315333,339732.5277606,78733.01699870847,78735.57219513386,78727.54312332199,78656.06350743116,78579.58964327851
2026-09-08 10:06:00+00:00,78743.7,78750.0,78743.7,78749.9,1.705165,134276.7538751,78738.64466580565,78738.17725056407,78729.67234967227,78659.74336988485,78582.96212558982
2026-09-08 10:07:00+00:00,78749.9,78754.6,78749.9,78753.8,0.897158,70652.449238,78743.69644387045,78741.01775046151,78731.97022113205,78663.43186518348,78586.34505379596
2026-09-08 10:08:00+00:00,78753.8,78753.8,78697.5,78697.6,12.411555,977010.4177566,78728.33096258031,78733.12361401397,78728.69686673852,78664.77179203903,78588.54812203761
2026-09-08 10:09:00+00:00,78697.6,78709.6,78697.5,78708.0,2.500353,196789.9620443,78721.55397505354,78728.55568419324,78726.72573657295,78666.46701588063,78590.91350575964
2026-09-08 10:10:00+00:00,78708.0,78734.6,78698.3,78734.5,4.445345,349900.6345819,78725.86931670236,78729.63646888538,78727.46614261362,78669.13497604217,78593.7568026753
2026-09-08 10:11:00+00:00,78734.5,78750.2,78731.4,78735.7,3.302524,260045.9470124,78729.14621113491,78730.73892908802,78728.25031950757,78671.74536913856,78596.56755905796
2026-09-08 10:12:00+00:00,78735.7,78735.7,78731.5,78731.5,0.911679,71780.9322522,78729.93080742328,78730.87730561747,78728.5598128878,78674.08868799587,78599.23948858156
2026-09-08 10:13:00+00:00,78731.5,78731.5,78718.1,78724.3,2.117637,166707.9086058,78728.05387161553,78729.68143186883,78728.1541164223,78676.05775905486,78601.71593435222
2026-09-08 10:14:00+00:00,78724.3,78742.2,78721.1,78740.6,3.701935,291457.0894968,78732.23591441035,78731.6666260745,78729.3394386678,78678.58882732723,78604.46611387
2026-09-08 10:15:00+00:00,78740.6,78746.3,78740.5,78746.2,0.443779,34944.3563633,78736.8906096069,78734.3090576973,78730.94520641373,78681.24024586342,78607.27272547653
2026-09-08 10:16:00+00:00,78746.2,78746.2,78732.5,78740.7,1.639214,129072.4161269,78738.1604064046,78735.47104720688,78731.87423437432,78683.5720009276,78609.91484972453
2026-09-08 10:17:00+00:00,78740.7,78752.4,78740.6,78746.4,1.962731,154560.0568005,78740.90693760307,78737.4581295329,78733.25764062439,78686.03584402849,78612.61752596762
2026-09-08 10:18:00+00:00,78746.4,78776.2,78742.4,78768.2,4.112758,323920.0686117,78750.00462506872,78743.04756052692,78736.58548437445,78689.25796779207,78615.69836703758
2026-09-08 10:19:00+00:00,78768.2,78810.6,78768.1,78810.6,5.937896,467826.2166845,78770.20308337915,78755.32982224929,78743.6344858626,78694.01647885906,78619.55780531406
2026-09-08 10:20:00+00:00,78810.6,78994.9,78810.6,78959.7,32.733963,2583147.323112,78833.36872225277,78792.48803638578,78764.21215387568,78704.43544047243,78626.29329431774
2026-09-08 10:21:00+00:00,78959.7,78959.7,78889.9,78929.3,10.925905,862264.7479172,78865.34581483518,78817.36293886109,78779.93480588752,78713.25365849312,78632.29342710352
2026-09-08 10:22:00+00:00,78929.3,78929.3,78882.4,78882.5,2.904402,229177.675286,78871.06387655679,78829.20604088635,78789.70291961252,78719.89076992476,78637.24801270543
2026-09-08 10:23:00+00:00,78882.5,78911.6,78882.5,78891.8,5.234783,413010.7204748,78877.97591770453,78840.58676072519,78799.426451078,78726.6323083591,78642.2886461172
2026-09-08 10:24:00+00:00,78891.8,78905.6,78876.2,78876.3,2.383685,188061.0913829,78877.41727846969,78847.08007695698,78806.74774145153,78732.50162959992,78646.92253431291
2026-09-08 10:25:00+00:00,78876.3,78916.5,78876.2,78901.7,5.94329,468908.7446157,78885.5115189798,78857.01097205571,78815.79081369424,78739.1368598117,78651.96763264334
2026-09-08 10:26:00+00:00,78901.7,78901.7,78836.8,78836.9,6.343436,500275.5026449,78869.30767931987,78853.35443168193,78817.80121239003,78742.97070844653,78655.6296597197
2026-09-08 10:27:00+00:00,78836.9,78836.9,78830.2,78830.3,2.205655,173881.1985853,78856.30511954658,78849.16271683067,78818.99157311479,78746.39538654668,78659.08847833911
2026-09-08 10:28:00+00:00,78830.3,78866.8,78830.2,78844.4,11.832963,933027.9520463,78852.3367463644,78848.296768316,78821.41142329434,78750.23870472131,78662.75801342151
2026-09-08 10:29:00+00:00,78844.4,78846.8,78819.6,78846.8,12.218014,963120.4155393,78850.49116424294,78848.02462862217,78823.82938298059,78754.02542218321,78666.40240919535
2026-09-08 10:30:00+00:00,78846.8,78869.0,78846.7,78851.4,3.393289,267588.5264624,78850.7941094953,78848.63833250904,78826.45515603006,78757.84403307798,78670.06572782515
2026-09-08 10:31:00+00:00,78851.4,78856.4,78835.0,78842.8,6.239321,491951.6604727,78848.1294063302,78847.57681750739,78828.01180783672,78761.17563962395,78673.48620846227
2026-09-08 10:32:00+00:00,78842.8,78847.2,78773.4,78785.0,14.621087,1152391.9070902,78827.08627088681,78836.19921432422,78823.9154451856,78762.10992826616,78675.69440235411
2026-09-08 10:33:00+00:00,78785.0,78785.0,78758.2,78760.1,3.998636,314971.0039866,78804.75751392455,78822.362993538,78817.83778373935,78762.03110754985,78677.3658003273
2026-09-08 10:34:00+00:00,78760.1,78760.1,78730.0,78740.4,3.631428,285943.186502,78783.30500928304,78807.46063107654,78810.46275671656,78761.1828288224,78678.61400230101
2026-09-08 10:35:00+00:00,78740.4,78740.4,78700.6,78700.7,12.153688,956684.7455846,78755.77000618869,78788.04960724444,78800.00916083879,78758.81095318231,78679.0513487901
2026-09-08 10:36:00+00:00,78700.7,78718.0,78688.0,78701.9,9.632706,758127.7297839,78737.81333745913,78772.38604229089,78790.66543123509,78756.57915109674,78679.50379732891
2026-09-08 10:37:00+00:00,78701.9,78717.7,78701.9,78713.4,2.096017,164980.3609651,78729.67555830609,78761.6613073289,78783.3068187365,78754.88585105374,78680.175009263
2026-09-08 10:38:00+00:00,78713.4,78728.1,78713.4,78728.1,1.130672,89002.7478219,78729.15037220407,78755.55925145092,78778.04902647588,78753.83542552222,78681.12401898055
2026-09-08 10:39:00+00:00,78728.1,78728.2,78718.5,78722.8,1.404229,110544.9120151,78727.03358146938,78749.60302391439,78772.78721443056,78752.61835001156,78681.94928593142
2026-09-08 10:40:00+00:00,78722.8,78722.8,78674.8,78674.9,2.918737,229730.7575098,78709.65572097959,78736.02065592994,78763.46462258004,78749.57057157974,78681.809696111
2026-09-08 10:41:00+00:00,78674.9,78683.1,78663.4,78676.3,7.552738,594212.3417201,78698.53714731973,78725.16235485177,78755.16322995337,78746.69721583152,78681.70059321771
2026-09-08 10:42:00+00:00,78676.3,78693.6,78676.3,78693.6,2.199546,173072.3363702,78696.8914315465,78719.42374487872,78749.30006519592,78744.61497207341,78681.93622503518
2026-09-08 10:43:00+00:00,78693.6,78694.6,78666.7,78666.8,3.30302,259901.9309834,78686.86095436434,78709.8557912644,78741.44291612964,78741.56340454113,78681.63649780676
2026-09-08 10:44:00+00:00,78666.8,78670.0,78651.9,78669.5,5.651017,444529.5781174,78681.07396957623,78702.51837467086,78734.59120983157,78738.73738867677,78681.3961711175
2026-09-08 10:45:00+00:00,78669.5,78669.5,78661.3,78661.3,1.333444,104895.0589032,78674.48264638416,78695.0241247307,78727.61109460953,78735.7006283365,78680.99822713497
2026-09-08 10:46:00+00:00,78661.3,78661.4,78653.7,78656.4,2.573829,202452.6104453,78668.45509758944,78688.00155659784,78720.82908559909,78732.59079977429,78680.51113352833
2026-09-08 10:47:00+00:00,78656.4,78657.8,78652.2,78657.8,0.990851,77935.5143445,78664.90339839297,78682.51036448914,78714.82631554203,78729.65782723413,78680.06140811193
2026-09-08 10:48:00+00:00,78657.8,78662.7,78657.7,78662.7,19.004343,1494881.657004,78664.16893226198,78678.90848003657,78709.86190453803,78727.03203008769,78679.71761785228
2026-09-08 10:49:00+00:00,78662.7,78674.7,78662.6,78664.1,7.516183,591310.7100614,78664.14595484133,78676.21602912083,78705.50362791537,78724.56410733916,78679.40835809283
2026-09-08 10:50:00+00:00,78664.1,78691.2,78664.1,78684.2,3.35199,263738.0581521,78670.83063656089,78677.66766018976,78703.47471097106,78722.981201169,78679.50324209098
2026-09-08 10:51:00+00:00,78684.2,78684.2,78646.9,78646.9,4.113377,323585.5567414,78662.85375770726,78672.07354015525,78698.08664325952,78719.99762465256,78678.85763333671
2026-09-08 10:52:00+00:00,78646.9,78646.9,78639.0,78639.0,1.711798,134623.9373973,78654.90250513818,78666.06016921793,78692.45934390147,78716.82124721521,78678.06837327062
2026-09-08 10:53:00+00:00,78639.0,78639.1,78627.1,78629.5,1.078858,84831.1349783,78646.43500342546,78659.41286572376,78686.46321591086,78713.39688457931,78677.10662330488
2026-09-08 10:54:00+00:00,78629.5,78631.9,78628.7,78631.5,17.105339,1345000.0036743,78641.45666895031,78654.33779922852,78681.22862391935,78710.18524204679,78676.2035218533
2026-09-08 10:55:00+00:00,78631.5,78632.5,78631.5,78632.5,0.33546,26378.0315193,78638.47111263355,78650.36729027788,78676.5878025937,78707.13876196653,78675.33810557897
2026-09-08 10:56:00+00:00,78632.5,78632.5,78612.7,78612.7,4.93596,388078.6883519,78629.8807417557,78643.51869204553,78670.50324996572,78703.4352811051,78674.09774705266
2026-09-08 10:57:00+00:00,78612.7,78612.8,78609.3,78609.4,0.871235,68488.6800898,78623.05382783714,78637.31529349179,78664.68389282614,78699.74762302256,78672.81660354666
2026-09-08 10:58:00+00:00,78609.4,78609.4,78581.2,78588.1,5.018297,394409.0248086,78611.40255189143,78628.36705831146,78657.39018874746,78695.3692848648,78671.13904704078
2026-09-08 10:59:00+00:00,78588.1,78588.1,78565.0,78565.0,1.573593,123650.8880856,78595.9350345943,78616.8457749821,78648.59112315247,78690.25676388972,78669.03728373304
2026-09-08 11:00:00+00:00,78565.0,78572.2,78537.8,78537.8,7.473937,587166.6174103,78576.55668972954,78602.47381589444,78638.03958761414,78684.2780672666,78666.43852563931
2026-09-08 11:01:00+00:00,78537.8,78554.9,78491.9,78554.9,7.77097,610152.7335499,78569.33779315303,78593.82403118635,78630.12153165089,78679.20441756987,78664.22984196329
2026-09-08 11:02:00+00:00,78554.9,78554.9,78533.6,78533.6,2.633758,206873.5810375,78557.42519543535,78582.87420733427,78620.92900482699,78673.49444041027,78661.64311241946
2026-09-08 11:03:00+00:00,78533.6,78533.7,78490.8,78499.0,3.714748,291659.970097,78537.95013029024,78567.6243514553,78609.31671865299,78666.6515211785,78658.42245672799
2026-09-08 11:04:00+00:00,78499.0,78499.1,78482.2,78482.3,2.539025,199295.0606954,78519.40008686016,78552.11083300888,78597.21988830509,78659.42204975974,78654.93488332743
2026-09-08 11:05:00+00:00,78482.3,78486.3,78461.0,78461.0,5.159365,404875.9781887,78499.9333912401,78535.54522700726,78584.24656560936,78651.64079290642,78651.09458860807
2026-09-08 11:06:00+00:00,78461.0,78480.1,78429.0,78429.0,5.270804,413543.6453173,78476.28892749341,78516.17336755138,78569.46117840846,78642.90978141989,78646.69667596238
2026-09-08 11:07:00+00:00,78429.0,78442.3,78391.0,78394.3,6.998706,548820.84004592,78448.95928499562,78494.01457345113,78552.77916141717,78633.16037822697,78641.69872198292
2026-09-08 11:08:00+00:00,78394.3,78422.0,78377.4,78377.4,5.218851,409195.0423987,78425.10618999708,78472.81192373275,78536.07638413933,78623.13055947296,78636.46508392386
2026-09-08 11:09:00+00:00,78377.4,78471.9,78377.4,78409.6,14.495517,1136730.6596071,78419.93745999807,78461.31884669042,78524.03101422131,78614.75681204264,78631.97270602439
2026-09-08 11:10:00+00:00,78409.6,78409.6,78325.1,78366.9,9.008888,705853.7556006,78402.25830666538,78444.15178365579,78509.06615572404,78605.03693706058,78626.72374154866
2026-09-08 11:11:00+00:00,78366.9,78378.4,78327.5,78329.4,5.741409,449865.3939022,78377.97220444359,78423.2878229911,78491.95509327413,78594.22764541114,78620.8361427061
2026-09-08 11:12:00+00:00,78329.4,78331.2,78305.3,78323.7,6.53041,511468.498432,78359.88146962906,78405.18094608362,78475.93079867658,78583.61871814012,78614.95225869211
2026-09-08 11:13:00+00:00,78323.7,78325.1,78318.5,78318.5,0.786609,61609.8274127,78346.08764641939,78389.42077406842,78460.93738927881,78573.22190566403,78609.08191693583
2026-09-08 11:14:00+00:00,78318.5,78318.5,78294.2,78312.8,3.671378,287495.4400246,78334.99176427959,78375.48972423779,78446.82906649035,78563.0092819125,78603.21494828362
2026-09-08 11:15:00+00:00,78312.8,78361.2,78308.7,78335.0,12.624919,989064.1622463,78334.99450951973,78368.12795619456,78436.17867920555,78554.06774144534,78597.9037611889
2026-09-08 11:16:00+00:00,78335.0,78358.0,78323.4,78348.9,8.358012,654773.2399515,78339.62967301316,78364.63196415917,78427.86642404312,78546.02194766318,78592.97299364062
2026-09-08 11:17:00+00:00,78348.9,78376.5,78335.3,78367.7,7.661198,600317.475286,78348.98644867545,78365.18978885749,78422.13628841998,78539.02893010776,78588.5121422814
2026-09-08 11:18:00+00:00,78367.7,78379.1,78343.8,78377.0,6.518268,510811.3709662,78358.32429911697,78367.3370999743,78417.83759428473,78532.67485441726,78584.3237830283
2026-09-08 11:19:00+00:00,78377.0,78405.4,78370.5,78399.5,9.020337,707101.1223817,78372.04953274466,78373.18489997898,78416.09115673382,78527.45231110678,78580.66390613664
2026-09-08 11:20:00+00:00,78399.5,78425.0,78396.9,78425.0,7.631712,598418.3136955,78389.69968849645,78382.60582725552,78416.93961799727,78523.43457341632,78577.58145254978
2026-09-08 11:21:00+00:00,78425.0,78436.0,78386.2,78387.2,5.109415,400643.907445,78388.86645899763,78383.44113139088,78414.1072734261,78518.09204112549,78573.81152279631
2026-09-08 11:22:00+00:00,78387.2,78475.1,78387.2,78469.0,14.046065,1101992.2794064,78415.57763933175,78398.9972893198,78419.33515214741,78516.16686304213,78571.73604709738
2026-09-08 11:23:00+00:00,78469.0,78479.9,78462.5,78479.9,1.471172,115447.0133965,78437.01842622117,78413.70687307983,78425.10323289527,78514.74463311891,78569.91751151129
2026-09-08 11:24:00+00:00,78479.9,78483.1,78462.4,78483.1,4.586435,359919.6762001,78452.37895081412,78426.32380524713,78430.6267345243,78513.50366711424,78568.1983528675
2026-09-08 11:25:00+00:00,78483.1,78483.1,78477.4,78477.4,0.684852,53747.2086655,78460.71930054275,78435.61038611128,78435.08133123627,78512.08783703134,78566.40036568201
2026-09-08 11:26:00+00:00,78477.4,78477.4,78437.8,78437.8,2.493439,195637.4382812,78453.07953369519,78436.00849772741,78435.3402520709,78509.17458852031,78563.85382378731
2026-09-08 11:27:00+00:00,78437.8,78454.0,78432.5,78454.0,2.797621,219450.5515652,78453.3863557968,78439.27967995878,78437.1173709213,78507.01087916657,78561.67850054399
2026-09-08 11:28:00+00:00,78454.0,78467.2,78454.0,78467.1,0.511935,40166.9078219,78457.9575705312,78444.33791996627,78439.972859405,78505.44574665024,78559.80565894906
2026-09-08 11:29:00+00:00,78467.1,78467.2,78448.5,78448.6,1.515345,118894.6198812,78454.83838035414,78445.11284360876,78440.79449184261,78503.21650168356,78557.60356669265
2026-09-08 11:30:00+00:00,78448.6,78448.6,78417.2,78429.4,3.340637,262005.8531716,78446.35892023609,78442.25596295262,78439.70930214331,78500.32173691166,78555.06488220369
2026-09-08 11:31:00+00:00,78429.4,78445.9,78408.1,78445.9,6.916036,542367.8441847,78446.20594682406,78442.91851514306,78440.29889241538,78498.18755115042,78552.90320136797
2026-09-08 11:32:00+00:00,78445.9,78490.8,78445.9,78479.6,5.454963,428085.955586,78457.33729788271,78449.58787602614,78444.04185504248,78497.45862757589,78551.45165282603
2026-09-08 11:33:00+00:00,78479.6,78488.0,78475.8,78475.8,1.55937,122384.4484999,78463.49153192181,78454.35371674865,78447.06644027653,78496.60926963175,78549.95360029482
2026-09-08 11:34:00+00:00,78475.8,78483.4,78474.6,78483.4,1.284114,100773.4096344,78470.12768794788,78459.63485915797,78450.52677929781,78496.09125905795,78548.63570721967
2026-09-08 11:35:00+00:00,78483.4,78483.4,78469.0,78471.4,2.165594,169941.4896554,78470.55179196526,78461.7739756747,78452.51470507897,78495.12297438901,78547.10628727473
2026-09-08 11:36:00+00:00,78471.4,78480.3,78471.3,78480.3,0.907351,71202.3522624,78473.80119464351,78465.14234373385,78455.16092364288,78494.54168127573,78545.78339049702
2026-09-08 11:37:00+00:00,78480.3,78493.9,78480.3,78493.8,1.525848,119762.4306268,78480.46746309567,78470.35282669133,78458.84083567689,78494.5125957355,78544.75401642777
2026-09-08 11:38:00+00:00,78493.8,78497.7,78462.9,78463.7,3.906716,306609.5871067,78474.87830873046,78469.14322183836,78459.30361323147,78493.30425864784,78543.14898639951
2026-09-08 11:39:00+00:00,78463.7,78463.7,78439.2,78439.2,3.969629,311448.1046654,78462.98553915364,78463.69899968592,78457.3889833999,78491.18252301459,78541.09059062922
2026-09-08 11:40:00+00:00,78439.2,78462.8,78426.2,78455.0,4.343221,340670.2756109,78460.3236927691,78462.11736337938,78457.16146117134,78489.76360054343,78539.38582645834
2026-09-08 11:41:00+00:00,78455.0,78457.3,78421.6,78457.3,5.652077,443351.4152884,78459.3157951794,78461.24147912858,78457.1746553455,78488.49051816919,78537.76036454826
2026-09-08 11:42:00+00:00,78457.3,78462.0,78448.2,78460.7,1.839429,144314.3855593,78459.77719678628,78461.14302837793,78457.51040245545,78487.40069392725,78536.23441673542
2026-09-08 11:43:00+00:00,78460.7,78477.8,78460.7,78476.3,1.471929,115503.4640817,78465.28479785753,78463.89884140012,78459.29988793588,78486.96537259677,78535.04759660205
2026-09-08 11:44:00+00:00,78476.3,78476.4,78439.6,78441.5,7.192027,564271.9944075,78457.35653190502,78459.82632478191,78457.60466051342,78485.18241680866,78533.19516894655
2026-09-08 11:45:00+00:00,78441.5,78448.8,78427.0,78427.0,5.262827,412809.1521965,78447.2376879367,78453.85790209429,78454.6899309407,78482.9007534044,78531.09229431394
2026-09-08 11:46:00+00:00,78427.0,78427.1,78393.5,78395.3,7.423857,582078.9800501,78429.92512529113,78443.21101080441,78449.03374704158,78479.46542974148,78528.4033379909
2026-09-08 11:47:00+00:00,78395.3,78414.3,78395.2,78397.5,1.774539,139134.2827081,78419.1167501941,78434.89991793087,78444.12577113285,78476.25109916339,78525.81119268414
2026-09-08 11:48:00+00:00,78397.5,78419.2,78397.5,78415.2,2.377935,186448.8134878,78417.81116679606,78431.3181146707,78441.37093578686,78473.85693841189,78523.62087203693
2026-09-08 11:49:00+00:00,78415.2,78435.5,78393.5,78431.8,9.767275,765856.0536898,78422.47411119737,78431.40573018511,78440.45941809288,78472.20764670946,78521.80263694709
2026-09-08 11:50:00+00:00,78431.8,78445.6,78416.0,78416.0,15.379921,1206187.7035405,78420.31607413158,78428.60468833327,78438.12994970309,78470.00342526987,78519.70753522537
2026-09-08 11:51:00+00:00,78416.0,78436.9,78403.5,78429.2,3.4223,268368.0189475,78423.2773827544,78428.71292681813,78437.27947830278,78468.40329094556,78517.91530680507
2026-09-08 11:52:00+00:00,78429.2,78429.2,78403.3,78407.1,2.242598,175846.7520619,78417.88492183627,78424.78330376028,78434.40524227393,78465.99924032025,78515.72094429408
2026-09-08 11:53:00+00:00,78407.1,78451.2,78407.1,78448.7,5.734851,449803.8188383,78428.15661455752,78429.13179398568,78435.76664777166,78465.32083873906,78514.3937968823
2026-09-08 11:54:00+00:00,78448.7,78448.8,78371.9,78380.4,9.741463,763740.8846503,78412.23774303835,78420.27146780647,78430.49363369816,78461.99060976891,78511.74045436978
2026-09-08 11:55:00+00:00,78380.4,78427.2,78380.4,78427.2,2.292324,179713.8761038,78417.22516202557,78421.53120093256,78430.17995429834,78460.62627213092,78510.0663859664
2026-09-08 11:56:00+00:00,78427.2,78459.4,78427.2,78459.3,1.361193,106775.4440178,78431.25010801705,78428.39825530845,78432.9532919842,78460.57426145911,78509.06111099677
2026-09-08 11:57:00+00:00,78459.3,78459.3,78420.4,78426.6,5.693237,446614.0097764,78429.70007201137,78428.07129979781,78432.34821655713,78459.24193748033,78507.4282177097
2026-09-08 11:58:00+00:00,78426.6,78463.1,78416.3,78446.6,14.710732,1153913.9653511,78435.33338134093,78431.44015438002,78433.70552926598,78458.74617522619,78506.22369854714
2026-09-08 11:59:00+00:00,78446.6,78460.4,78429.3,78429.4,4.857277,381023.8024822,78433.35558756063,78431.06921722,78433.29547885968,78457.59534482517,78504.70243718977
2026-09-08 12:00:00+00:00,78429.4,78429.4,78363.7,78365.3,3.601429,282305.6055506,78410.67039170708,78419.11117772546,78426.81971896828,78453.9759195379,78501.94199288898
2026-09-08 12:01:00+00:00,78365.3,78366.3,78311.2,78322.8,7.295948,571527.6552127,78381.38026113805,78401.60005450265,78416.91307906654,78448.83176583055,78498.39462669316
2026-09-08 12:02:00+00:00,78322.8,78333.3,78275.1,78300.0,8.394558,657339.4681909,78354.25350742537,78383.12731732034,78405.77850010782,78442.99522599405,78494.46602022399
2026-09-08 12:03:00+00:00,78300.0,78314.5,78246.9,78257.2,19.548766,1530369.2263217,78321.90233828357,78360.2314414439,78391.62816676422,78435.70913870017,78489.76768318986
2026-09-08 12:04:00+00:00,78257.2,78281.5,78225.0,78229.3,7.648872,598531.0407669,78291.03489218905,78336.42572481773,78376.16834135809,78427.61466267271,78484.6099072851
2026-09-08 12:05:00+00:00,78229.3,78306.8,78229.3,78291.6,5.760563,450904.1561694,78291.22326145938,78328.27559303268,78368.11421360969,78422.2807543326,78480.78792892302
2026-09-08 12:06:00+00:00,78291.6,78315.3,78271.8,78308.3,5.771697,451871.4374561,78296.9155076396,78324.64366702674,78362.41762183735,78417.81092082938,78477.37232637008
2026-09-08 12:07:00+00:00,78308.3,78318.3,78279.1,78305.9,3.295752,258060.1097625,78299.9103384264,78321.23572756733,78357.03499118617,78413.42225726743,78473.9768347588
2026-09-08 12:08:00+00:00,78305.9,78317.8,78297.6,78303.4,3.95992,310091.8591594,78301.07355895094,78317.99286800962,78351.92689678748,78409.10765894323,78470.59907565465
2026-09-08 12:09:00+00:00,78303.4,78343.3,78303.4,78343.3,5.560609,435502.5028536,78315.14903930062,78322.59416473514,78351.10528756962,78406.52696643566,78468.0783018793
2026-09-08 12:10:00+00:00,78343.3,78359.8,78315.5,78315.5,5.467412,428373.9448587,78315.26602620042,78321.30431660148,78347.71430780108,78402.9572814774,78465.05694936684
2026-09-08 12:11:00+00:00,78315.5,78318.2,78270.3,78274.1,2.346583,183720.4448389,78301.54401746695,78312.72171358303,78340.70342134385,78397.9040547528,78461.2756236368
2026-09-08 12:12:00+00:00,78274.1,78274.2,78241.6,78241.6,3.528919,276151.7271503,78281.56267831131,78299.79049293157,78331.26500026349,78391.77448397818,78456.92561128756
2026-09-08 12:13:00+00:00,78241.6,78252.3,78237.1,78237.1,3.229984,252732.9599428,78266.74178554089,78288.39222148946,78322.2969050003,78385.70881793983,78452.57262888583
2026-09-08 12:14:00+00:00,78237.1,78237.1,78217.2,78217.2,1.536026,120152.6345743,78250.22785702726,78275.44818121864,78312.28767595266,78379.10062900101,78447.91178474948
2026-09-08 12:15:00+00:00,78217.2,78243.2,78217.2,78243.2,3.961255,309867.913283,78247.88523801818,78269.58487554252,78305.7078972905,78373.7711925696,78443.85808604157
2026-09-08 12:16:00+00:00,78243.2,78260.9,78233.2,78245.3,4.65571,364302.4666251,78247.02349201213,78265.1694436257,78299.95476421522,78368.73310658649,78439.92624275362
2026-09-08 12:17:00+00:00,78245.3,78258.1,78234.5,78234.5,3.190175,249616.2554111,78242.84899467476,78259.59318114829,78293.72097714711,78363.46906319093,78435.85839636244
2026-09-08 12:18:00+00:00,78234.5,78257.7,78224.9,78251.2,5.038702,394210.6873196,78245.6326631165,78258.06714821223,78289.67136027596,78359.0663548305,78432.20179445426
2026-09-08 12:19:00+00:00,78251.2,78266.0,78239.0,78266.0,4.124586,322741.7553613,78252.421775411,78259.5094849009,78287.41694501159,78355.41669385677,78428.9106698116
2026-09-08 12:20:00+00:00,78266.0,78295.7,78258.5,78290.6,10.696146,837189.6014295,78265.147850274,78265.16230582801,78287.72009310572,78352.87486272513,78426.17184466681
2026-09-08 12:21:00+00:00,78290.6,78309.6,78285.4,78287.7,2.96419,232094.3626868,78272.665233516,78269.26006840472,78287.71817947661,78350.31898575553,78423.42982794074
2026-09-08 12:22:00+00:00,78287.7,78293.3,78287.7,78288.0,0.676613,52972.5411507,78277.776822344,78272.66732869476,78287.74501952645,78347.8751039612,78420.74804916963
2026-09-08 12:23:00+00:00,78288.0,78302.1,78277.5,78302.0,2.492076,195096.253687,78285.85121489601,78278.00054165935,78289.10263671441,78346.07608027646,78418.39660265142
2026-09-08 12:24:00+00:00,78302.0,78325.1,78302.0,78317.0,3.734958,292497.1463926,78296.23414326401,78285.09135226674,78291.75952845589,78344.93584183425,78416.38874913358
2026-09-08 12:25:00+00:00,78317.0,78317.1,78282.3,78311.7,4.102888,321245.6824799,78301.38942884268,78289.92928821823,78293.6586209839,78343.63247548782,78414.31570459627
2026-09-08 12:26:00+00:00,78311.7,78334.8,78311.1,78334.8,2.556344,200218.029491,78312.52628589512,78298.08759945128,78297.57684755686,78343.28610390006,78412.74113618842
2026-09-08 12:27:00+00:00,78334.8,78348.1,78332.9,78347.0,3.819675,299229.5531897,78324.01752393009,78306.9807631874,78302.28381445621,78343.43174688437,78411.43933151141
2026-09-08 12:28:00+00:00,78347.0,78347.0,78315.2,78315.2,2.49335,195305.7307383,78321.07834928672,78308.47516988059,78303.51392736514,78342.32461955557,78409.53360217455
2026-09-08 12:29:00+00:00,78315.2,78398.4,78315.1,78377.0,7.916069,620354.1269471,78339.71889952448,78320.9342299023,78310.51260094941,78343.68443839654,78408.88937242852
2026-09-08 12:30:00+00:00,78377.0,78378.3,78325.1,78372.1,5.933539,464888.1354184,78350.51259968299,78330.23709719279,78316.37806752566,78344.7987741457,78408.1608700042
2026-09-08 12:31:00+00:00,78372.1,78396.9,78349.5,78396.8,3.171748,248547.7690438,78365.941733122,78342.33944315773,78324.03729918988,78346.8380379047,78407.93590228134
2026-09-08 12:32:00+00:00,78396.8,78449.1,78396.8,78436.8,4.106796,322090.3490765,78389.56115541467,78359.51408985633,78334.77660402893,78350.36595798687,78408.5074685728
2026-09-08 12:33:00+00:00,78436.8,78442.4,78426.6,78442.4,1.446429,113449.2416605,78407.17410360978,78374.58425533699,78345.02645126428,78353.97513610504,78409.17860780898
2026-09-08 12:34:00+00:00,78442.4,78445.4,78387.1,78398.8,4.841285,379585.6914553,78404.38273573987,78378.98711800299,78350.14774162007,78355.73297390484,78408.97309082266
2026-09-08 12:35:00+00:00,78398.8,78400.0,78390.4,78396.1,0.903718,70845.8859821,78401.62182382659,78382.09855109335,78354.52414718005,78357.31599453604,78408.7181781331
2026-09-08 12:36:00+00:00,78396.1,78410.9,78396.0,78410.9,1.415988,111020.5179251,78404.71454921772,78387.33517816728,78359.89327602006,78359.41732808364,78408.7613825265
2026-09-08 12:37:00+00:00,78410.9,78418.2,78410.8,78418.2,0.541401,42453.3748072,78409.20969947848,78392.94696395504,78365.44629735147,78361.72253090389,78408.9482858428
2026-09-08 12:38:00+00:00,78418.2,78418.2,78372.4,78378.9,3.324699,260628.4695822,78399.10646631899,78390.39297050866,78366.72760236563,78362.39615714295,78408.35327028156
2026-09-08 12:39:00+00:00,78378.9,78388.2,78378.9,78385.8,1.880886,147429.548088,78394.67097754599,78389.55788496163,78368.54402118795,78363.31395490206,78407.90667087004
2026-09-08 12:40:00+00:00,78385.8,78386.8,78347.9,78351.8,3.364391,263650.9570882,78380.38065169733,78382.6928149686,78366.94935250338,78362.86242725883,78406.79564768448
2026-09-08 12:41:00+00:00,78351.8,78351.8,78298.6,78341.3,7.105328,556467.8396866,78367.35376779822,78375.16684861066,78364.50655702686,78362.01684187613,78405.49870416598
2026-09-08 12:42:00+00:00,78341.3,78363.0,78327.6,78359.0,4.359721,341551.7822545,78364.56917853215,78372.22742159053,78363.98212302431,78361.89853435157,78404.57793774686
2026-09-08 12:43:00+00:00,78359.0,78360.5,78331.6,78339.7,5.647571,442450.1992787,78356.27945235476,78366.3133449377,78361.66953987913,78361.02800359268,78403.2932261083
2026-09-08 12:44:00+00:00,78339.7,78339.7,78317.5,78331.8,2.239656,175422.3588669,78348.11963490318,78360.03819131266,78358.82482179541,78359.88180737336,78401.87751866062
2026-09-08 12:45:00+00:00,78331.8,78363.5,78331.8,78360.7,2.370815,185746.4196022,78352.31308993546,78360.1585201649,78359.00341019584,78359.91389335872,78401.0621222515
2026-09-08 12:46:00+00:00,78360.7,78367.7,78333.6,78333.9,3.01704,236387.443684,78346.17539329031,78355.38424377127,78356.6126092248,78358.893740678,78399.73217923661
2026-09-08 12:47:00+00:00,78333.9,78342.5,78307.9,78332.9,8.292672,649542.8956248,78341.75026219354,78351.29619944922,78354.3542654891,78357.87437829847,78398.40876974678
2026-09-08 12:48:00+00:00,78332.9,78332.9,78299.0,78312.4,4.49387,351931.3830565,78331.96684146236,78344.22416318572,78350.3586211568,78356.09106934558,78396.7056257914
2026-09-08 12:49:00+00:00,78312.4,78392.9,78312.3,78392.9,3.730852,292326.8548433,78352.27789430824,78353.07431533377,78354.41018104664,78357.53455682223,78396.63026686484
2026-09-08 12:50:00+00:00,78392.9,78408.7,78355.8,78383.3,8.686502,680886.783701,78362.6185962055,78358.56989436399,78357.16159237553,78358.54496635862,78396.36630118435
2026-09-08 12:51:00+00:00,78383.3,78383.3,78333.1,78358.8,5.667005,444072.6875801,78361.34573080367,78358.61173175235,78357.31763119691,78358.55496767789,78395.62241403217
2026-09-08 12:52:00+00:00,78358.8,78378.6,78352.0,78378.6,2.56218,200774.6888971,78367.09715386912,78362.24596234283,78359.34452346388,78359.3410473768,78395.28533652659
2026-09-08 12:53:00+00:00,78378.6,78410.7,78370.5,78392.4,5.139228,402860.9047624,78375.53143591275,78367.72851464413,78362.49266408637,78360.63747689144,78395.22820114983
2026-09-08 12:54:00+00:00,78392.4,78462.4,78392.4,78462.4,3.174398,248933.7260104,78404.48762394184,78384.94151198155,78372.0076484591,78364.62816407217,78396.55833578053
2026-09-08 12:55:00+00:00,78462.4,78478.8,78384.1,78412.0,22.170327,1738821.5376282,78406.99174929457,78389.86123707582,78375.81644384394,78366.48588312817,78396.86411130964
2026-09-08 12:56:00+00:00,78412.0,78443.4,78411.5,78414.0,8.853707,694382.0603456,78409.32783286305,78394.25010306203,78379.45297300167,78368.34918182903,78397.20343583816
2026-09-08 12:57:00+00:00,78414.0,78415.3,78402.0,78402.0,0.953482,74764.4184455,78406.88522190871,78395.65917523256,78381.60030890627,78369.66882175731,78397.29841730671
2026-09-08 12:58:00+00:00,78402.0,78423.4,78402.0,78416.4,2.570436,201561.4067847,78410.0568146058,78399.43023428119,78384.91456520092,78371.50141698252,78397.67666646895
2026-09-08 12:59:00+00:00,78416.4,78450.6,78416.4,78450.6,4.520887,354585.4792708,78423.57120973722,78408.73382804824,78391.17032089608,78374.60332219889,78398.72465327155
2026-09-08 13:00:00+00:00,78450.6,78458.4,78406.8,78449.8,4.988944,391295.1696278,78432.31413982483,78416.20040476674,78396.75409985836,78377.55221152442,78399.73604627607
2026-09-08 13:01:00+00:00,78449.8,78487.5,78449.8,78485.0,3.887701,305086.4592622,78449.87609321656,78428.70942208188,78405.15847130043,78381.76585028818,78401.42444139931
2026-09-08 13:02:00+00:00,78485.0,78503.9,78483.2,78503.8,5.078501,398633.4151674,78467.85072881106,78442.36225443063,78414.55290260515,78386.55150321806,78403.45168018348
2026-09-08 13:03:00+00:00,78503.8,78503.9,78488.1,78488.1,2.033319,159616.5784065,78474.60048587405,78450.67820817052,78421.55738807133,78390.5337972095,78405.12788453628
2026-09-08 13:04:00+00:00,78488.1,78491.9,78471.4,78491.9,3.027048,237558.8253891,78480.3669905827,78458.17307941224,78428.25668444549,78394.50894241697,78406.84614424843
2026-09-08 13:05:00+00:00,78491.9,78500.7,78471.4,78500.7,3.078698,241635.6829495,78487.14466038847,78465.90524679184,78435.15604783162,78398.6732976163,78408.70463644153
2026-09-08 13:06:00+00:00,78500.7,78540.0,78500.6,78525.7,4.40247,345709.6116379,78499.99644025898,78476.77702010241,78443.77928137148,78403.65473692547,78411.02137631396
2026-09-08 13:07:00+00:00,78525.7,78541.0,78509.5,78518.1,4.08543,320808.1051161,78506.03096017266,78484.29028917469,78450.85744505038,78408.1427864578,78413.14174509983
2026-09-08 13:08:00+00:00,78518.1,78521.5,78497.0,78497.0,2.694764,211568.4230641,78503.02064011511,78486.60114568839,78455.2519740932,78411.6273830673,78414.8023046028
2026-09-08 13:09:00+00:00,78497.0,78497.0,78459.7,78464.8,2.74749,215612.3792811,78490.28042674341,78482.63730101776,78456.16130989385,78413.71258373134,78415.792357977
2026-09-08 13:10:00+00:00,78464.8,78473.5,78450.7,78473.5,2.437615,191252.1043467,78484.68695116228,78480.97597355998,78457.8126137135,78416.05718829088,78416.93508356162
2026-09-08 13:11:00+00:00,78473.5,78521.9,78473.5,78516.8,2.735463,214748.9870708,78495.39130077486,78487.48943291271,78463.4304600265,78420.00788678927,78418.9126066594
2026-09-08 13:12:00+00:00,78516.8,78516.9,78473.5,78473.6,2.621604,205799.4530897,78488.12753384991,78484.96408147403,78464.39898764303,78422.10953828772,78419.99552533941
2026-09-08 13:13:00+00:00,78473.6,78476.0,78458.1,78461.7,1.582477,124177.4373637,78479.31835589994,78480.73424847875,78464.14194120083,78423.6621054137,78420.82135652081
2026-09-08 13:14:00+00:00,78461.7,78480.2,78460.4,78473.4,4.565347,358244.8835097,78477.34557059997,78479.40074875535,78465.02366108647,78425.61261108375,78421.86251777783
2026-09-08 13:15:00+00:00,78473.4,78482.5,78470.0,78470.0,1.736416,136267.4567539,78474.89704706665,78477.69152170891,78465.49759812585,78427.35329300203,78422.81573524757
2026-09-08 13:16:00+00:00,78470.0,78470.1,78427.2,78431.9,4.686758,367673.6582887,78460.56469804444,78469.3657904891,78462.29782687577,78427.53159523725,78422.99562167832
2026-09-08 13:17:00+00:00,78431.9,78436.6,78430.5,78436.5,1.27541,100033.3922091,78452.54313202963,78463.39019221836,78459.84089098284,78427.8832973848,78423.26303511042
2026-09-08 13:18:00+00:00,78436.5,78436.6,78419.0,78435.5,2.806496,220111.0221926,78446.86208801976,78458.31924817865,78457.52271088924,78428.181991605,78423.50535124684
2026-09-08 13:19:00+00:00,78435.5,78435.6,78398.2,78402.1,4.005391,314083.114357,78431.94139201318,78448.09756669162,78452.24435747122,78427.15916840482,78423.08148290533
2026-09-08 13:20:00+00:00,78402.1,78421.1,78379.8,78379.8,4.966087,389372.9427256,78414.56092800878,78435.67982729315,78445.34489485492,78425.30194611443,78422.22442383789
2026-09-08 13:21:00+00:00,78379.8,78379.9,78330.6,78330.7,1.837534,143993.0572632,78386.60728533918,78416.59258596711,78434.42633344016,78421.59206587465,78420.41205900941
2026-09-08 13:22:00+00:00,78330.7,78369.8,78315.2,78363.0,6.187163,484706.5028582,78378.73819022613,78406.84847942763,78427.62382549347,78419.29433780114,78419.27518655377
2026-09-08 13:23:00+00:00,78363.0,78383.4,78352.6,78368.3,2.554641,200209.6475232,78375.25879348408,78399.83966498624,78421.97393735124,78417.29455984816,78418.26577691904
2026-09-08 13:24:00+00:00,78368.3,78368.4,78342.3,78343.5,4.363601,341902.6685581,78364.6725289894,78389.5960895342,78414.50022903207,78414.40065554039,78416.785266485
2026-09-08 13:25:00+00:00,78343.5,78396.1,78313.9,78371.0,8.334618,653101.2075394,78366.78168599293,78386.21498234617,78410.35735007664,78412.69866904861,78415.8786275447
2026-09-08 13:26:00+00:00,78371.0,78400.5,78371.0,78394.6,2.513665,197039.8481548,78376.05445732863,78387.7395310105,78408.85665006934,78411.98891732121,78415.45726858341
2026-09-08 13:27:00+00:00,78394.6,78394.6,78362.6,78362.7,2.566221,201132.6723126,78371.60297155242,78383.18688900859,78404.46077863417,78410.05601860274,78414.41257019562
2026-09-08 13:28:00+00:00,78362.7,78367.5,78338.0,78365.4,3.530882,276646.7952221,78369.53531436829,78379.95290918884,78400.74070447852,78408.30480218695,78413.44202425116
2026-09-08 13:29:00+00:00,78365.4,78366.8,78337.6,78337.6,3.470609,271938.8465194,78358.89020957887,78372.25238024541,78394.727304052,78405.53206484628,78411.94020198875
2026-09-08 13:30:00+00:00,78337.6,78372.0,78320.4,78357.3,15.856042,1242272.9232362,78358.36013971924,78369.53376565533,78391.16279890419,78403.64061132289,78410.85821779096
2026-09-08 13:31:00+00:00,78357.3,78368.4,78202.7,78212.1,13.166759,1030880.7262236,78309.60675981283,78340.90944462709,78374.10919900856,78396.12921480041,78406.92241149806
2026-09-08 13:32:00+00:00,78212.1,78276.4,78108.6,78137.2,21.148227,1652804.03483818,78252.13783987521,78303.8713637858,78351.54641815061,78385.9751279455,78401.58137364661
2026-09-08 13:33:00+00:00,78137.2,78212.5,78077.9,78156.3,14.144423,1105266.74552137,78220.19189325014,78277.04020673383,78332.95152118387,78376.96826018293,78396.72431674271
2026-09-08 13:34:00+00:00,78156.3,78190.6,78119.2,78129.7,12.006093,938368.6157339,78190.02792883343,78250.25107823676,78313.59423345208,78367.27146566595,78391.43670651018
2026-09-08 13:35:00+00:00,78129.7,78189.3,78090.2,78142.7,8.516713,665547.839002,78174.25195255561,78230.69633673916,78297.31859217092,78358.4647415222,78386.51122717335
2026-09-08 13:36:00+00:00,78142.7,78162.8,78090.3,78107.6,13.002304,1015838.2748821,78152.03463503708,78208.31518460475,78279.25015482132,78348.62690852133,78380.98823257585
2026-09-08 13:37:00+00:00,78107.6,78124.1,77967.1,78045.3,39.579048,3088182.92757484,78116.45642335806,78178.67606013115,78256.96918769547,78336.73173563815,78374.34094084168
2026-09-08 13:38:00+00:00,78045.3,78053.0,77957.4,77968.6,10.503701,819360.5239327,78067.17094890538,78140.48041283459,78229.505455534,78322.29519698568,78366.3064667656
2026-09-08 13:39:00+00:00,77968.6,77968.6,77844.4,77882.7,15.927678,1240818.1995351,78005.68063260359,78093.61124686466,78196.47636453075,78305.05616965292,78356.73010108707
2026-09-08 13:40:00+00:00,77882.7,77899.9,77752.4,77773.2,18.496809,1439436.48963399,77928.1870884024,78035.35465652563,78156.16432981355,78284.19906496065,78345.1750495804
2026-09-08 13:41:00+00:00,77773.2,77782.7,77701.9,77727.9,21.13647,1642880.73702394,77861.4247256016,77979.4538098846,78115.37725078368,78262.38341535434,78332.95178127187
2026-09-08 13:42:00+00:00,77727.9,77738.5,77691.3,77715.5,21.226029,1649556.8099918,77812.78315040107,77931.4622080874,78077.29370308999,78240.93700690908,78320.7250133259
2026-09-08 13:43:00+00:00,77715.5,77762.9,77707.6,77716.0,12.526747,973667.3708614,77780.52210026738,77892.28726116242,78042.88477898619,78220.35124193225,78308.75026058678
2026-09-08 13:44:00+00:00,77716.0,77851.3,77700.0,77843.7,13.968064,1086314.5633652,77801.58140017826,77883.45321367834,78023.91480003513,78205.58060499374,78299.54134453555
2026-09-08 13:45:00+00:00,77843.7,77910.6,77782.3,77782.3,16.432338,1279360.6688401,77795.15426678551,77865.06172028228,78000.90386669846,78188.98136558222,78289.29894167346
2026-09-08 13:46:00+00:00,77782.3,77821.5,77747.1,77780.0,10.209398,794063.672562,77790.10284452367,77849.59595295822,77979.86540320337,78172.94288065743,78279.21381411556
2026-09-08 13:47:00+00:00,77780.0,77900.0,77772.6,77900.0,11.052,860258.3071283,77826.73522968245,77858.76032514762,77972.25917432686,78162.23923827871,78271.70462967762
2026-09-08 13:48:00+00:00,77900.0,77944.5,77842.2,77843.6,10.958817,853814.1632531,77832.35681978831,77856.00390239351,77960.00591962907,78149.74358187562,78263.22731027806
2026-09-08 13:49:00+00:00,77843.6,77889.7,77789.9,77886.3,8.197836,638183.3108599,77850.33787985888,77861.51228377651,77952.98630823582,78139.41246101775,78255.76340314384
2026-09-08 13:50:00+00:00,77886.3,77886.3,77752.2,77752.2,5.635341,438530.8740284,77817.62525323925,77841.63732308986,77933.86380268955,78124.2276586249,78245.79185060634
2026-09-08 13:51:00+00:00,77752.2,77765.5,77700.0,77711.3,9.91985,771030.1574855,77782.1835021595,77817.9396279826,77912.66725005244,78108.0344171102,78235.20785356463
2026-09-08 13:52:00+00:00,77711.3,77732.0,77637.7,77693.3,19.411891,1508044.96391514,77752.55566810635,77795.27787744031,77891.77513099983,78091.77032232158,78224.47700497918
2026-09-08 13:53:00+00:00,77693.3,77732.4,77664.6,77728.1,12.529209,973547.968637,77744.40377873757,77783.06371790571,77876.18702328556,78077.50874105407,78214.64775735584
2026-09-08 13:54:00+00:00,77728.1,77825.6,77716.4,77825.6,11.987771,932311.4140829,77771.46918582506,77790.7975873774,77871.36921154408,78067.6299668951,78206.94384136859
2026-09-08 13:55:00+00:00,77825.6,77993.6,77813.7,77973.2,15.568693,1213013.3844457,77838.71279055005,77823.96166239968,77881.06738187322,78063.92683093842,78202.3152504504
2026-09-08 13:56:00+00:00,77973.2,78012.5,77946.1,78011.3,14.577077,1136623.2986287,77896.2418603667,77858.02317832701,77893.47048836149,78061.86303364672,78198.53277024344
2026-09-08 13:57:00+00:00,78011.3,78089.4,78008.6,78049.5,7.826979,610982.0331575,77947.32790691114,77892.83714590392,77908.33044185086,78061.37820879783,78195.58162627823
2026-09-08 13:58:00+00:00,78049.5,78054.4,77947.0,77951.0,9.251825,721697.4967006,77948.55193794076,77903.41221028502,77912.39420929363,78057.04965159007,78190.73842575788
2026-09-08 13:59:00+00:00,77951.0,77964.9,77910.2,77964.9,4.594372,358066.0531558,77954.0012919605,77914.59180841502,77917.39476078948,78053.43593976302,78186.26637772306
2026-09-08 14:00:00+00:00,77964.9,78036.6,77952.9,77985.2,5.898093,460047.7132188,77964.40086130702,77927.42966143046,77923.85240261906,78050.76002055663,78182.28486529291
2026-09-08 14:01:00+00:00,77985.2,78010.6,77910.1,77910.1,4.157809,324130.6163244,77946.30057420468,77924.27881389765,77922.54264998867,78045.24394131912,78176.89506598018
2026-09-08 14:02:00+00:00,77910.1,77980.5,77860.0,77972.7,13.346028,1039810.710232,77955.10038280312,77933.08266591624,77927.31954046593,78042.39908087523,78172.8515993271
2026-09-08 14:03:00+00:00,77972.7,77992.0,77929.7,77942.0,5.800467,452227.1177122,77950.73358853543,77934.70399938601,77928.71767946918,78038.46186201739,78168.28028052855
2026-09-08 14:04:00+00:00,77942.0,78030.3,77911.0,78030.3,6.163659,480478.7236992,77977.25572569028,77952.08509040673,77938.3921861864,78038.14178899709,78165.5479977458
2026-09-08 14:05:00+00:00,78030.3,78094.8,78030.3,78090.6,5.697265,444734.099748,78015.0371504602,77977.26961942369,77952.88816845436,78040.1989737423,78164.06387897856
2026-09-08 14:06:00+00:00,78090.6,78094.7,78006.2,78040.7,5.064598,395373.6632456,78023.59143364013,77988.8024158921,77961.25120003014,78040.21862183085,78161.62102988987
2026-09-08 14:07:00+00:00,78040.7,78067.6,77984.7,78046.4,7.662578,597886.2163867,78031.19428909343,77999.27470391171,77969.36060955108,78040.46102881787,78159.33942533759
2026-09-08 14:08:00+00:00,78046.4,78109.8,78024.1,78104.7,6.83091,533287.93291059,78055.69619272895,78018.44293956412,77982.25007530811,78042.98020415835,78158.25745651902
2026-09-08 14:09:00+00:00,78104.7,78104.7,78061.2,78086.7,4.805555,375219.0052477,78066.03079515263,78030.85331418882,77992.19768718354,78044.69470595606,78156.84047718199
2026-09-08 14:10:00+00:00,78086.7,78109.8,78050.3,78105.8,5.856676,457274.419897,78079.28719676843,78044.4799843363,78003.01695507082,78047.09099199701,78155.82977466352
2026-09-08 14:11:00+00:00,78105.8,78195.8,78092.2,78136.3,9.878353,771916.8098749,78098.2914645123,78061.17453263879,78015.71057839743,78050.58938446772,78155.44304645236
2026-09-08 14:12:00+00:00,78136.3,78180.5,78126.5,78145.9,3.463884,270717.7295602,78114.16097634153,78076.57916306809,78028.109570931,78054.32705566507,78155.25407523548
2026-09-08 14:13:00+00:00,78145.9,78175.6,78128.1,78156.5,5.628721,439919.2514947,78128.2739842277,78091.11022432844,78040.33723084233,78058.33383779584,78155.278747013
2026-09-08 14:14:00+00:00,78156.5,78198.0,78135.4,78154.5,5.622252,439462.3201965,78137.01598948514,78102.6356380869,78051.209875524,78062.10505984306,78155.26332628007
2026-09-08 14:15:00+00:00,78154.5,78291.3,78154.5,78291.1,9.237437,722643.311492,78188.37732632343,78136.90188570746,78074.05655404551,78071.08525357471,78157.95316140323
2026-09-08 14:16:00+00:00,78291.1,78291.3,78218.2,78263.7,9.621493,752809.7171508,78213.48488421562,78159.95608830609,78092.11783461261,78078.63877304237,78160.04715820713
2026-09-08 14:17:00+00:00,78263.7,78274.3,78222.6,78252.5,9.611632,752149.5881937,78226.48992281042,78176.78225406862,78107.39232655427,78085.45686037405,78161.87790754955
2026-09-08 14:18:00+00:00,78252.5,78317.0,78225.5,78315.0,7.882915,616932.4268818,78255.99328187361,78201.91275332887,78127.16448593006,78094.4585521241,78164.91002819214
2026-09-08 14:19:00+00:00,78315.0,78315.0,78263.0,78307.9,6.37478,499082.5867576,78273.29552124908,78221.18316181452,78144.37739203197,78102.82880498197,78167.74151278239
2026-09-08 14:20:00+00:00,78307.9,78361.7,78288.2,78361.7,12.996407,1017951.1809362,78302.76368083272,78246.73167784823,78165.07478326702,78112.9806165513,78171.58227490551
2026-09-08 14:21:00+00:00,78361.7,78365.4,78307.9,78328.1,5.300115,415198.7288964,78311.20912055516,78261.52591823947,78180.60099438444,78121.41667080419,78174.68163579848
2026-09-08 14:22:00+00:00,78328.1,78372.4,78311.7,78372.2,7.030581,550787.515279,78331.53941370343,78281.64847855955,78198.84851872877,78131.25131116481,78178.59289053513
2026-09-08 14:23:00+00:00,78372.2,78383.7,78335.8,78357.1,7.664713,600617.3535686,78340.05960913563,78295.36693700327,78213.92008837366,78140.10812249169,78182.12768478195
2026-09-08 14:24:00+00:00,78357.1,78373.9,78337.4,78341.9,7.288598,571097.974676,78340.67307275708,78303.82749391175,78226.1086513857,78148.0215294528,78185.2914930041
2026-09-08 14:25:00+00:00,78341.9,78368.3,78328.9,78348.6,8.468065,663445.8108323,78343.31538183807,78311.96794956416,78237.77449411088,78155.8873518272,78188.5253248258
2026-09-08 14:26:00+00:00,78348.6,78358.0,78257.2,78266.2,10.02608,785048.1560933,78317.6102545587,78303.64650418886,78240.48168514794,78160.21333803005,78190.06343720549
2026-09-08 14:27:00+00:00,78266.2,78296.8,78259.7,78270.0,7.333042,574023.98056,78301.74016970581,78297.5289579727,78243.29295322909,78164.518697323,78191.64633943904
2026-09-08 14:28:00+00:00,78270.0,78310.9,78270.0,78300.7,6.252216,489516.7018678,78301.39344647054,78298.10551106857,78248.76029101679,78169.85914056524,78193.805817866
2026-09-08 14:29:00+00:00,78300.7,78344.7,78291.2,78344.7,4.195631,328577.2194866,78315.8289643137,78306.57723632883,78257.89740615804,78176.7156448568,78196.79382147262
2026-09-08 14:30:00+00:00,78344.7,78357.5,78299.2,78306.7,8.897171,696923.8878196,78312.78597620912,78306.59955699631,78262.54527223823,78181.8130705487,78198.97018144345
2026-09-08 14:31:00+00:00,78306.7,78334.5,78284.5,78296.4,7.64542,598719.0220346,78307.32398413942,78304.74509208789,78265.76953202506,78186.30667562522,78200.8994847812
2026-09-08 14:32:00+00:00,78296.4,78297.7,78276.2,78280.9,5.747278,449929.71372,78298.51598942629,78300.40962079918,78267.21052897505,78190.01621775757,78202.4836533994
2026-09-08 14:33:00+00:00,78280.9,78358.0,78250.2,78358.0,7.492517,586668.6932898,78318.34399295086,78310.88059883569,78275.85714526314,78196.6038170612,78205.56318501524
2026-09-08 14:34:00+00:00,78358.0,78412.9,78358.0,78383.4,11.424338,895565.9841749,78340.02932863391,78324.06594450193,78286.09932190475,78203.92915756861,78209.08470610405
2026-09-08 14:35:00+00:00,78383.4,78405.6,78340.6,78342.5,4.323124,338820.1880331,78340.85288575594,78327.41759095612,78291.47081505667,78209.3633082522,78211.72659311189
2026-09-08 14:36:00+00:00,78342.5,78378.2,78335.1,78335.1,10.741653,841680.0778285,78338.93525717064,78328.81439260046,78295.62597552748,78214.29415890898,78214.16963087204
2026-09-08 14:37:00+00:00,78335.1,78346.7,78299.1,78346.7,6.592941,516358.4149848,78341.52350478043,78332.06632121856,78300.49016833439,78219.48654483412,78216.79399461715
2026-09-08 14:38:00+00:00,78346.7,78407.6,78346.7,78407.6,10.043917,787140.9770129,78363.54900318696,78345.79971736064,78310.69110468349,78226.86354307592,78220.5723313574
2026-09-08 14:39:00+00:00,78407.6,78407.6,78353.0,78353.0,7.180994,562843.4382868,78360.0326687913,78347.1088596587,78314.72052328505,78231.81007079844,78223.19466142952
2026-09-08 14:40:00+00:00,78353.0,78353.0,78280.3,78336.1,13.195695,1033436.3430073,78352.05511252754,78345.10724881166,78316.75666392458,78235.8998719436,78225.43041070814
2026-09-08 14:41:00+00:00,78336.1,78361.5,78314.1,78354.0,3.967059,310772.3678181,78352.70340835169,78346.72411266409,78320.3036483127,78240.53124951445,78227.97634316936
2026-09-08 14:42:00+00:00,78354.0,78406.3,78346.5,78359.0,7.334251,574835.6247473,78354.80227223446,78348.95609217971,78323.98901514008,78245.17708286682,78230.57087102739
